FID,Id,X,Y,DEM,Eq_Dis,Faults_Dis,Aspect,Comp_Cur,WaterSys_Dis,Plan_Cur,Prof_Cur,Slope
0,0,12158145.55,4432541.92,1497,29642.19922,38621.89844,16.3894997,0.222222,6542.479981,-0.1,-0.322222,8.3999901
1,0,12158175.55,4432541.92,1496,29637.59961,38615.30078,8.6156502,0.111111,6543.370117,0.0405229,-0.0705882,7.9173002
2,0,12158205.55,4432541.92,1495,29633,38608.60156,23.7495003,0.111111,6544.399902,0.2,0.0888889,6.4925699
3,0,12158235.55,4432541.92,1493,29628.40039,38602,48.0127983,0.111111,6545.569824,0.097561,-0.0135501,6.3969202
4,0,12158265.55,4432541.92,1490,29623.80078,38595.39844,48.0127983,-0.111111,6546.879883,-0.097561,0.0135501,6.3969202
5,0,12158295.55,4432541.92,1488,29619.19922,38588.5,18.4349003,-0.222222,6548.319824,-0.266667,-0.0444444,6.0172801
6,0,12158325.55,4432541.92,1488,29614.69922,38581.69922,1.7357,0,6549.899902,0,0,7.8326302
7,0,12158355.55,4432541.92,1488,29610.19922,38574.80078,3.9909101,0.222222,6551.620117,0.0860656,-0.136157,10.1819
8,0,12158385.55,4432541.92,1487,29605.80078,38568,354.1740112,-0.444444,6553.470215,-0.327778,0.116667,11.5976
9,0,12158415.55,4432541.92,1489,29601.40039,38561.19922,345.651001,0.111111,6555.459961,0.0130719,-0.0980392,10.4777002
10,0,12158445.55,4432541.92,1490,29597,38554.39844,344.0549927,0,6557.589844,-0.133333,-0.133333,6.91817
11,0,12158475.55,4432541.92,1491,29592.59961,38547.69922,351.0270081,0.111111,6559.850098,0.0915033,-0.0196078,4.5823102
12,0,12158505.55,4432541.92,1491,29588.30078,38540.89844,5.1944299,0.111111,6562.259766,0,-0.111111,5.2589502
13,0,12158535.55,4432541.92,1491,29584,38534.19922,14.0361996,0.444444,6564.790039,0.143791,-0.300654,7.8255301
14,0,12158565.55,4432541.92,1489,29579.69922,38527.5,11.8214998,0,6567.470215,-0.166239,-0.166239,10.3731003
15,0,12158595.55,4432541.92,1488,29575.5,38520.89844,1.16914,-0.222222,6570.27002,-0.115359,0.106863,11.5416002
16,0,12158625.55,4432541.92,1488,29571.19922,38514.19922,354.401001,-0.333333,6573.220215,-0.10728,0.226054,12.0527
17,0,12158655.55,4432541.92,1489,29567.09961,38507.60156,352.4760132,-0.222222,6576.299805,0.0033333,0.225556,12.5577002
18,0,12158685.55,4432541.92,1490,29562.90039,38501,356.8779907,0,6579.509766,0.114052,0.114052,12.9259996
19,0,12158715.55,4432541.92,1490,29558.80078,38494.10156,5.3893099,0,6577.120117,0.12119,0.12119,12.5065002
20,0,12158745.55,4432541.92,1489,29554.69922,38487.19922,1.39718,-0.333333,6549.899902,-0.379538,-0.0462046,9.6972704
21,0,12158775.55,4432541.92,1491,29550.59961,38480.39844,10.4914999,1,6522.709961,0.597598,-0.402402,6.5269899
22,0,12158805.55,4432541.92,1488,29546.59961,38473.5,30.9638004,-0.111111,6495.540039,-0.0379404,0.0731707,5.5507202
23,0,12158835.55,4432541.92,1487,29542.59961,38466.80078,20.2248993,0,6468.390137,-0.0222222,-0.0222222,4.8225398
24,0,12158865.55,4432541.92,1486,29538.59961,38460,18.4349003,0,6441.27002,-0.0166667,-0.0166667,5.26966
25,0,12158895.55,4432541.92,1485,29534.59961,38453.19922,18.4349003,-0.111111,6414.180176,0.0038314,0.114943,5.26966
26,0,12158925.55,4432541.92,1484,29530.69922,38446.5,5.7105899,-0.333333,6387.109863,-0.222222,0.111111,4.7872901
27,0,12158955.55,4432541.92,1485,29526.80078,38439.80078,339.7749939,0,6360.069824,-0.0767974,-0.0767974,4.8225398
28,0,12158985.55,4432541.92,1487,29523,38433.10156,322.5950012,0.444444,6333.060059,0.194444,-0.25,5.0956202
29,0,12159015.55,4432541.92,1489,29519.19922,38426.39844,325.0079956,0.555556,6304.569824,0.337778,-0.217778,5.8082199
30,0,12159045.55,4432541.92,1490,29515.40039,38419.80078,0,0.555556,6274.589844,0.304274,-0.251282,6.6544299
31,0,12159075.55,4432541.92,1488,29511.59961,38413.19922,29.9314995,0.222222,6244.609863,0.115556,-0.106667,9.0155096
32,0,12159105.55,4432541.92,1484,29507.90039,38406.5,29.5778008,-0.555556,6214.640137,-0.333333,0.222222,10.0522003
33,0,12159135.55,4432541.92,1482,29504.19922,38399.60156,13.3924999,-0.444444,6184.660156,-0.154701,0.289744,10.198
34,0,12159165.55,4432541.92,1481,29500.5,38392.69922,349.6950073,-1,6154.680176,-0.448,0.552,10.5553999
35,0,12159195.55,4432541.92,1484,29496.80078,38385.89844,342.3500061,-0.111111,6124.700195,0.15734,0.268451,10.8900995
36,0,12159225.55,4432541.92,1485,29493.19922,38379.10156,345.651001,-0.444444,6094.729981,-0.140598,0.303846,10.4777002
37,0,12159255.55,4432541.92,1487,29489.59961,38372.30078,335.7720032,-0.333333,6064.75,-0.177778,0.155556,10.3572998
38,0,12159285.55,4432541.92,1490,29486.09961,38365.5,334.7990112,0,6034.77002,-0.0356394,-0.0356394,8.89851
39,0,12159315.55,4432541.92,1492,29482.59961,38358.80078,4.3987002,0.666667,6004.799805,0.444444,-0.222222,6.2010498
40,0,12159345.55,4432541.92,1490,29479.09961,38352.10156,47.8624001,0.333333,5974.819824,0.238616,-0.0947177,6.7296901
41,0,12159375.55,4432541.92,1486,29475.59961,38345.39844,62.3540001,-0.333333,5944.850098,-0.0222222,0.311111,5.6412201
42,0,12159405.55,4432541.92,1484,29472.19922,38338.69922,86.1858978,-0.222222,5914.870117,-0.222222,0,3.58425
43,0,12159435.55,4432541.92,1482,29468.80078,38332,101.3099976,-0.222222,5884.899902,-0.155556,0.0666667,3.64697
44,0,12159465.55,4432541.92,1480,29465.40039,38325.39844,66.8013992,-0.555556,5854.919922,-0.422222,0.133333,1.81752
45,0,12159495.55,4432541.92,1480,29462,38318.80078,348.6900024,-0.333333,5824.950195,0,0.333333,2.43314
46,0,12159525.55,4432541.92,1480,29458.69922,38312,325.3049927,-0.777778,5794.970215,-0.299145,0.478632,3.7692399
47,0,12159555.55,4432541.92,1482,29455.40039,38305.10156,311.1860046,-0.444444,5765,-0.222222,0.222222,5.0623102
48,0,12159585.55,4432541.92,1484,29452.19922,38298.30078,302.9049988,-0.555556,5735.02002,-0.435556,0.12,4.8225398
49,0,12159615.55,4432541.92,1486,29449,38291.39844,293.1990051,-0.333333,5705.049805,-0.511111,-0.177778,1.81752
50,0,12159645.55,4432541.92,1486,29445.80078,38284.60156,150.9450073,-0.333333,5675.080078,-0.155556,0.177778,2.4563899
51,0,12159675.55,4432541.92,1485,29442.59961,38277.80078,177.2740021,-0.666667,5645.100098,-0.222222,0.444444,5.0062799
52,0,12159705.55,4432541.92,1486,29439.5,38271.10156,194.0359955,-0.333333,5615.129883,-0.0545073,0.278826,5.8851299
53,0,12159735.55,4432541.92,1487,29436.40039,38264.39844,202.3800049,-0.333333,5585.160156,-0.284444,0.0488889,4.3804898
54,0,12159765.55,4432541.92,1489,29433.30078,38257.60156,216.8699951,0.444444,5555.189941,0.111111,-0.333333,2.3859401
55,0,12159795.55,4432541.92,1489,29430.19922,38250.89844,246.8009949,-0.111111,5525.209961,0,0.111111,1.81752
56,0,12159825.55,4432541.92,1490,29427.19922,38244.30078,239.0359955,-0.111111,5495.240234,0,0.111111,2.7818899
57,0,12159855.55,4432541.92,1491,29424.19922,38237.60156,220.6009979,-0.333333,5465.27002,-0.0444444,0.288889,4.3933802
58,0,12159885.55,4432541.92,1493,29421.30078,38231,214.9920044,-0.111111,5435.299805,0.0108401,0.121951,5.8082199
59,0,12159915.55,4432541.92,1495,29418.40039,38224.39844,216.8699951,-0.111111,5405.330078,-0.010929,0.100182,7.12502
60,0,12159945.55,4432541.92,1498,29415.5,38217.80078,210.9640045,0.333333,5375.359863,0.17094,-0.162393,6.92625
61,0,12159975.55,4432541.92,1499,29412.59961,38211.19922,210.0690002,0,5345.390137,-0.174837,-0.174837,5.2266998
62,0,12160005.55,4432541.92,1501,29409.80078,38204.69922,230.7109985,0.333333,5315.419922,0.0598291,-0.273504,3.38907
63,0,12160035.55,4432541.92,1502,29407,38198.19922,263.6600037,-0.111111,5285.450195,0.222222,0.333333,4.3154502
64,0,12160065.55,4432541.92,1506,29404.19922,38191.69922,265.9140015,0.555556,5255.479981,0.444444,-0.111111,6.6712298
65,0,12160095.55,4432541.92,1509,29401.5,38185.19922,254.3580017,0.222222,5225.509766,0.25,0.0277778,6.1738501
66,0,12160125.55,4432541.92,1512,29398.80078,38178.80078,238.2409973,0.444444,5195.549805,0.348039,-0.0964052,5.8755698
67,0,12160155.55,4432541.92,1514,29396.09961,38172.39844,218.9909973,0.111111,5165.580078,0.178862,0.0677507,6.4231501
68,0,12160185.55,4432541.92,1516,29393.40039,38165.89844,193.5700073,0.444444,5135.609863,0.261438,-0.183007,7.0857301
69,0,12160215.55,4432541.92,1516,29390.80078,38159.10156,183.8139954,0.222222,5105.640137,0,-0.222222,7.1406698
70,0,12160245.55,4432541.92,1516,29388.19922,38152.19922,191.3099976,-0.111111,5075.680176,-0.135135,-0.024024,6.0637698
71,0,12160275.55,4432541.92,1517,29385.69922,38145.39844,194.0359955,0.222222,5045.709961,0.132479,-0.0897436,5.8851299
72,0,12160305.55,4432541.92,1517,29383.19922,38138.5,202.7510071,-0.555556,5015.75,-0.22831,0.327245,7.9732299
73,0,12160335.55,4432541.92,1520,29380.69922,38131.69922,210.5299988,0,4985.779785,0.0735294,0.0735294,10.6835003
74,0,12160365.55,4432541.92,1523,29378.19922,38124.89844,211.3730011,-0.111111,4955.810059,-0.0488323,0.0622788,11.3147001
75,0,12160395.55,4432541.92,1526,29375.80078,38118.19922,202.8339996,0.111111,4925.850098,0.126002,0.0148912,9.7480297
76,0,12160425.55,4432541.92,1527,29373.40039,38111.39844,181.4689941,0,4895.890137,0.126694,0.126694,9.2328701
77,0,12160455.55,4432541.92,1527,29371,38104.69922,172.2350006,0.333333,4865.919922,0.102682,-0.230651,10.4828997
78,0,12160485.55,4432541.92,1526,29368.59961,38098,184.1849976,-0.111111,4835.959961,-0.222222,-0.111111,9.7198696
79,0,12160515.55,4432541.92,1527,29366.30078,38091.39844,192.0950012,0,4806,0.0444444,0.0444444,6.80409
80,0,12160545.55,4432541.92,1527,29364,38084.69922,176.6340027,-0.111111,4776.029785,0,0.111111,4.05866
81,0,12160575.55,4432541.92,1527,29361.80078,38078.10156,147.0950012,0.333333,4746.069824,0.133333,-0.2,4.8225398
82,0,12160605.55,4432541.92,1524,29359.59961,38071.5,138.576004,-0.333333,4716.109863,-0.0746812,0.258652,5.39642
83,0,12160635.55,4432541.92,1522,29357.40039,38064.60156,168.6900024,-0.888889,4686.149902,-0.333333,0.555556,2.43314
84,0,12160665.55,4432541.92,1523,29355.19922,38057.80078,242.1029968,-0.777778,4656.189941,-0.371648,0.40613,4.5823102
85,0,12160695.55,4432541.92,1527,29353.09961,38050.89844,239.0359955,-0.111111,4626.229981,-0.0683761,0.042735,6.92625
86,0,12160725.55,4432541.92,1530,29351,38044.10156,225,0,4596.27002,0,0,6.0545001
87,0,12160755.55,4432541.92,1532,29348.90039,38037.30078,220.9140015,0.111111,4566.310059,-0.0088889,-0.12,4.7279401
88,0,12160785.55,4432541.92,1533,29346.90039,38030.5,239.0359955,-0.444444,4536.350098,-0.288889,0.155556,4.1687398
89,0,12160815.55,4432541.92,1536,29344.90039,38023.69922,210.9640045,0.666667,4506.399902,0.305556,-0.361111,1.39176
90,0,12160845.55,4432541.92,1534,29342.90039,38017,111.038002,-0.111111,4476.439941,-0.117647,-0.006536,3.32143
91,0,12160875.55,4432541.92,1532,29340.90039,38010.30078,120.9639969,-0.222222,4446.479981,-0.244444,-0.0222222,4.1687398
92,0,12160905.55,4432541.92,1530,29339,38003.60156,135,-0.333333,4416.529785,-0.151111,0.182222,4.0446901
93,0,12160935.55,4432541.92,1529,29337.09961,37996.89844,210.9640045,-0.555556,4386.569824,-0.466667,0.0888889,1.39176
94,0,12160965.55,4432541.92,1531,29335.30078,37990.30078,315,0.111111,4356.620117,0.273504,0.162393,2.6989501
95,0,12160995.55,4432541.92,1531,29333.40039,37983.69922,336.8009949,-0.333333,4326.660156,-0.117647,0.215686,3.6313901
96,0,12161025.55,4432541.92,1532,29331.69922,37977,315,-0.444444,4296.709961,-0.25,0.194444,4.3804898
97,0,12161055.55,4432541.92,1534,29329.90039,37970.10156,315,-0.222222,4266.759766,-0.138889,0.0833333,3.7086201
98,0,12161085.55,4432541.92,1535,29328.19922,37963.30078,302.0050049,-0.555556,4236.799805,-0.237548,0.318008,4.4951501
99,0,12161115.55,4432541.92,1539,29326.5,37956.39844,288.4349976,-0.111111,4206.850098,0.0988787,0.20999,8.2468901
100,0,12161145.55,4432541.92,1545,29324.80078,37949.60156,288.4349976,0.888889,4176.899902,0.5,-0.388889,7.5061402
101,0,12161175.55,4432541.92,1548,29323.09961,37942.80078,299.0549927,1.11111,4146.950195,0.683333,-0.427778,2.4563899
102,0,12161205.55,4432541.92,1548,29321.5,37936.10156,99.4623032,1.2222199,4117,0.888889,-0.333333,2.9018199
103,0,12161235.55,4432541.92,1545,29319.90039,37929.30078,120.0690002,0.777778,4087.050049,0.511111,-0.266667,5.2266998
104,0,12161265.55,4432541.92,1542,29318.40039,37922.60156,143.1300049,0.111111,4057.100098,-0.0054201,-0.116531,4.7636399
105,0,12161295.55,4432541.92,1541,29316.90039,37915.89844,135,0.444444,4027.159912,0.361111,-0.0833333,3.7086201
106,0,12161325.55,4432541.92,1539,29315.40039,37909.19922,93.0128021,0.333333,3997.209961,0.222222,-0.111111,4.5327101
107,0,12161355.55,4432541.92,1536,29313.90039,37902.5,79.6951981,0.222222,3967.27002,0.2,-0.0222222,5.3228502
108,0,12161385.55,4432541.92,1533,29312.5,37895.89844,80.5376968,-0.222222,3937.320068,0,0.222222,2.9018199
109,0,12161415.55,4432541.92,1532,29311.09961,37889.30078,180,-0.444444,3907.379883,0,0,0.477454
110,0,12161445.55,4432541.92,1533,29309.69922,37882.5,125.538002,0.333333,3877.429932,0.244444,-0.0888889,2.0527799
111,0,12161475.55,4432541.92,1531,29308.40039,37875.69922,97.125,0.111111,3847.48999,0.156863,0.0457516,3.8436699
112,0,12161505.55,4432541.92,1529,29307.09961,37868.80078,78.6901016,0,3817.550049,-0.0222222,-0.0222222,3.64697
113,0,12161535.55,4432541.92,1527,29305.80078,37862,97.125,0,3787.610107,0,0,3.8436699
114,0,12161565.55,4432541.92,1525,29304.59961,37855.19922,124.9919968,0.111111,3757.669922,-0.119241,-0.230352,5.8082199
115,0,12161595.55,4432541.92,1522,29303.40039,37848.39844,155.2250061,-0.333333,3727.729981,-0.4,-0.0666667,6.80409
116,0,12161625.55,4432541.92,1522,29302.19922,37841.60156,194.7440033,-0.333333,3697.800049,-0.214067,0.119266,9.2981997
117,0,12161655.55,4432541.92,1525,29301,37834.89844,202.8910065,0.222222,3667.860107,0.0666667,-0.155556,11.5042
118,0,12161685.55,4432541.92,1528,29299.90039,37828.10156,200.8540039,0.666667,3637.929932,0.103501,-0.563166,10.6068001
119,0,12161715.55,4432541.92,1530,29298.80078,37821.39844,185.5279999,1,3607.98999,0.290598,-0.709402,7.39396
120,0,12161745.55,4432541.92,1529,29297.80078,37814.80078,153.4349976,0.666667,3578.060059,0.311111,-0.355556,4.2626901
121,0,12161775.55,4432541.92,1528,29296.69922,37808.10156,104.0360031,0.666667,3548.129883,0.666667,0,1.96786
122,0,12161805.55,4432541.92,1527,29295.69922,37801.5,51.3401985,0.777778,3518.199951,0.393162,-0.384615,3.0543699
123,0,12161835.55,4432541.92,1525,29294.80078,37794.89844,34.6952019,0.333333,3488.27002,0.0622222,-0.271111,3.7692399
124,0,12161865.55,4432541.92,1524,29293.80078,37788.10156,11.3099003,0.222222,3458.340088,-0.0833333,-0.305556,3.64697
125,0,12161895.55,4432541.92,1524,29292.90039,37781.19922,25.3462009,0.666667,3428.409912,0.259804,-0.406863,5.0062799
126,0,12161925.55,4432541.92,1521,29292,37774.30078,24.7751007,-0.222222,3398.479981,-0.25641,-0.034188,6.80409
127,0,12161955.55,4432541.92,1520,29291.19922,37767.5,356.1860046,-0.333333,3368.560059,-0.222222,0.111111,7.1406698
128,0,12161985.55,4432541.92,1521,29290.40039,37760.69922,6.3401899,0.111111,3338.639893,0.345345,0.234234,6.4579501
129,0,12162015.55,4432541.92,1519,29289.59961,37753.89844,38.4180984,0,3308.719971,-0.138889,-0.138889,8.7672501
130,0,12162045.55,4432541.92,1515,29288.90039,37747.19922,31.7595005,-0.444444,3278.800049,-0.376471,0.0679739,11.6301003
131,0,12162075.55,4432541.92,1512,29288.09961,37740.39844,18.4349003,-0.555556,3248.879883,-0.219206,0.33635,13.3423996
132,0,12162105.55,4432541.92,1510,29287.40039,37733.69922,15.9454002,-0.555556,3218.959961,-0.0092208,0.546335,13.6402998
133,0,12162135.55,4432541.92,1508,29286.80078,37727,27.5527992,-0.222222,3189.040039,0.266667,0.488889,12.1988001
134,0,12162165.55,4432541.92,1504,29286.09961,37720.39844,38.8844986,-0.777778,3159.129883,-0.171242,0.606536,9.4215803
135,0,12162195.55,4432541.92,1502,29285.5,37713.69922,34.9920006,-0.444444,3129.219971,-0.0718954,0.372549,5.8082199
136,0,12162225.55,4432541.92,1501,29285,37707.10156,21.8013992,-0.444444,3099.310059,-0.0333333,0.411111,2.5695
137,0,12162255.55,4432541.92,1501,29284.40039,37700.5,149.0359955,-0.222222,3069.399902,-0.361111,-0.138889,1.39176
138,0,12162285.55,4432541.92,1500,29283.90039,37693.60156,152.3540039,-0.333333,3039.48999,-0.155556,0.177778,5.6412201
139,0,12162315.55,4432541.92,1498,29283.5,37686.69922,169.5090027,-0.777778,3009.580078,-0.328205,0.449573,6.5269899
140,0,12162345.55,4432541.92,1499,29283,37679.89844,189.4620056,-0.222222,2979.679932,0.0726496,0.294872,5.7888298
141,0,12162375.55,4432541.92,1499,29282.59961,37673,196.9279938,-0.666667,2949.780029,-0.227778,0.438889,5.7204299
142,0,12162405.55,4432541.92,1501,29282.19922,37666.19922,210.2559967,-0.333333,2919.879883,-0.156648,0.176685,6.6037598
143,0,12162435.55,4432541.92,1504,29281.90039,37659.5,208.3009949,0.333333,2889.979981,0.211293,-0.12204,7.01443
144,0,12162465.55,4432541.92,1506,29281.5,37652.69922,193.5700073,0.666667,2860.090088,0.248366,-0.418301,7.0857301
145,0,12162495.55,4432541.92,1506,29281.19922,37646,175.9140015,0.444444,2830.189941,0.131111,-0.313333,6.6712298
146,0,12162525.55,4432541.92,1505,29281,37639.30078,158.6289978,0.333333,2800.300049,0.2,-0.133333,5.8755698
147,0,12162555.55,4432541.92,1503,29280.80078,37632.60156,127.875,0.111111,2770.419922,0.205962,0.0948509,5.42764
148,0,12162585.55,4432541.92,1500,29280.59961,37625.89844,108.4349976,-0.111111,2740.530029,0,0.111111,4.5202298
149,0,12162615.55,4432541.92,1498,29280.40039,37619.30078,245.5559998,-1,2710.649902,-0.367521,0.632479,2.88218
150,0,12162645.55,4432541.92,1503,29280.19922,37612.69922,252.8970032,0.444444,2680.76001,0.131111,-0.313333,6.46663
151,0,12162675.55,4432541.92,1505,29280.09961,37606,232.125,-0.111111,2650.889893,0.0650406,0.176152,5.42764
152,0,12162705.55,4432541.92,1508,29280.09961,37599.10156,210.0690002,0.444444,2621.01001,0.25,-0.194444,5.2266998
153,0,12162735.55,4432541.92,1510,29280,37592.19922,138.576004,1.7777801,2591.139893,0.910131,-0.867647,5.39642
154,0,12162765.55,4432541.92,1505,29280,37585.39844,102.723999,0.666667,2561.27002,0.715812,0.0491453,7.5431499
155,0,12162795.55,4432541.92,1500,29280,37578.60156,77.735199,-0.222222,2531.399902,-0.0784314,0.143791,5.6011801
156,0,12162825.55,4432541.92,1497,29280.09961,37571.80078,69.7751007,-0.333333,2501.540039,-0.2,0.133333,4.8225398
157,0,12162855.55,4432541.92,1494,29280.09961,37565,93.0128021,-0.666667,2471.679932,-0.59188,0.0747863,4.5327101
158,0,12162885.55,4432541.92,1492,29280.19922,37558.30078,107.1029968,-0.222222,2441.820068,-0.411111,-0.188889,6.46663
159,0,12162915.55,4432541.92,1488,29280.40039,37551.60156,109.6539993,-0.555556,2411.969971,-0.311111,0.244444,7.0620399
160,0,12162945.55,4432541.92,1486,29280.59961,37544.89844,110.5559998,-0.111111,2382.120117,0.0683761,0.179487,4.0725899
161,0,12162975.55,4432541.92,1485,29280.80078,37538.19922,74.0546036,0.333333,2352.280029,0.0392157,-0.294118,3.47174
162,0,12163005.55,4432541.92,1482,29281,37531.5,39.8055992,-0.444444,2322.429932,-0.277778,0.166667,3.72387
163,0,12163035.55,4432541.92,1481,29281.19922,37524.89844,323.1300049,-0.888889,2292.600098,-0.455556,0.433333,2.3859401
164,0,12163065.55,4432541.92,1483,29281.5,37518.30078,261.8699951,-0.444444,2262.76001,-0.266667,0.177778,3.3722899
165,0,12163095.55,4432541.92,1485,29281.90039,37511.5,236.3099976,-0.111111,2232.939941,-0.266667,-0.155556,1.72101
166,0,12163125.55,4432541.92,1485,29282.19922,37504.60156,153.4349976,-0.222222,2203.110107,0,0,1.06752
167,0,12163155.55,4432541.92,1485,29282.59961,37497.80078,180,-0.111111,2173.290039,0,0.111111,2.3859401
168,0,12163185.55,4432541.92,1485,29283,37490.89844,198.4349976,-0.333333,2143.479981,-0.0653595,0.267974,4.5202298
169,0,12163215.55,4432541.92,1486,29283.5,37484.10156,194.0359955,-0.222222,2113.669922,0.117778,0.34,5.8851299
170,0,12163245.55,4432541.92,1486,29283.90039,37477.30078,174.8059998,-0.333333,2083.870117,0.132132,0.465465,5.2589502
171,0,12163275.55,4432541.92,1485,29284.40039,37470.60156,147.529007,-0.555556,2054.070068,0.008547,0.564103,3.1096301
172,0,12163305.55,4432541.92,1484,29285,37463.89844,30.9638004,-0.777778,2024.280029,-0.222222,0.555556,1.39176
173,0,12163335.55,4432541.92,1485,29285.5,37457.10156,351.8699951,-0.222222,1994.48999,0.0944444,0.316667,5.0511498
174,0,12163365.55,4432541.92,1486,29286.09961,37450.39844,3.3664601,0.222222,1964.709961,0.222222,0,8.0769997
175,0,12163395.55,4432541.92,1485,29286.80078,37443.80078,6.6325102,-0.111111,1934.939941,-0.124138,-0.0130268,10.2247
176,0,12163425.55,4432541.92,1485,29287.40039,37437.10156,0,0.111111,1905.180054,0,-0.111111,10.3888998
177,0,12163455.55,4432541.92,1485,29288.09961,37430.5,354.2890015,-0.111111,1875.420044,-0.121012,-0.009901,9.5086603
178,0,12163485.55,4432541.92,1486,29288.90039,37423.89844,348.6900024,0,1845.670044,-0.0555556,-0.0555556,9.6462202
179,0,12163515.55,4432541.92,1488,29289.59961,37417,355.0299988,0.666667,1815.930054,0.264264,-0.402402,10.8900995
180,0,12158145.55,4432571.843,1491,29612.59961,38592.69922,12.2648001,-0.333333,6512.490234,-0.287582,0.0457516,11.0972996
181,0,12158175.55,4432571.843,1491,29607.90039,38586,355.6010132,-0.111111,6513.390137,-0.137514,-0.0264026,9.2566795
182,0,12158205.55,4432571.843,1492,29603.30078,38579.39844,3.81407,0.333333,6514.419922,0.222222,-0.111111,7.1406698
183,0,12158235.55,4432571.843,1491,29598.69922,38572.69922,33.1113014,0.444444,6515.600098,0.299145,-0.145299,6.5269899
184,0,12158265.55,4432571.843,1488,29594.09961,38566.10156,47.8624001,0,6516.910156,0.025641,0.025641,6.7296901
185,0,12158295.55,4432571.843,1485,29589.59961,38559.30078,35.5377007,-0.333333,6518.359863,-0.260163,0.0731707,6.1373801
186,0,12158325.55,4432571.843,1484,29585.09961,38552.5,19.6537991,0,6519.950195,-0.0038314,-0.0038314,7.0620399
187,0,12158355.55,4432571.843,1482,29580.59961,38545.60156,16.3894997,-0.444444,6521.669922,-0.166667,0.277778,8.3999901
188,0,12158385.55,4432571.843,1481,29576.09961,38538.80078,355.3649902,-0.666667,6523.529785,-0.327236,0.339431,8.7924099
189,0,12158415.55,4432571.843,1483,29571.69922,38532,330.9450073,-0.444444,6525.529785,-0.271242,0.173203,9.7367802
190,0,12158445.55,4432571.843,1487,29567.30078,38525.19922,328.4960022,0.333333,6527.669922,0.0928105,-0.240523,8.6146402
191,0,12158475.55,4432571.843,1489,29562.90039,38518.39844,356.1860046,0.666667,6529.950195,0.348889,-0.317778,7.1406698
192,0,12158505.55,4432571.843,1488,29558.59961,38511.69922,14.4208002,0.444444,6532.359863,0.0833333,-0.361111,8.5631304
193,0,12158535.55,4432571.843,1486,29554.30078,38505,21.0375004,0.111111,6534.910156,0.0666667,-0.0444444,9.8764696
194,0,12158565.55,4432571.843,1483,29550,38498.30078,20.0951996,-0.444444,6537.589844,-0.241379,0.203065,10.3098001
195,0,12158595.55,4432571.843,1482,29545.80078,38491.60156,3.9909101,-0.333333,6540.410156,-0.222222,0.111111,10.1819
196,0,12158625.55,4432571.843,1483,29541.5,38484.89844,354.8059998,0.222222,6543.370117,0.111111,-0.111111,10.4308004
197,0,12158655.55,4432571.843,1483,29537.30078,38478.30078,353.6600037,-0.222222,6546.459961,-0.106102,0.11612,10.6835003
198,0,12158685.55,4432571.843,1484,29533.19922,38471.69922,0,0.222222,6549.689941,0.222222,0,11.3099003
199,0,12158715.55,4432571.843,1483,29529.09961,38464.89844,1.16914,-0.333333,6553.060059,-0.222222,0.111111,11.5416002
200,0,12158745.55,4432571.843,1484,29525,38458,350.5379944,0,6556.560059,-0.0957265,-0.0957265,11.4617996
201,0,12158775.55,4432571.843,1486,29520.90039,38451.19922,358.7810059,0.666667,6535.459961,0.329085,-0.337582,11.0825996
202,0,12158805.55,4432571.843,1485,29516.80078,38444.30078,5.7105899,0.333333,6508.339844,-0.0726073,-0.405941,9.5086603
203,0,12158835.55,4432571.843,1485,29512.80078,38437.5,5.9061399,0.555556,6481.25,0.303983,-0.251572,6.92625
204,0,12158865.55,4432571.843,1483,29508.90039,38430.80078,13.3924999,-0.333333,6454.180176,-0.149425,0.183908,5.1396899
205,0,12158895.55,4432571.843,1483,29504.90039,38424,16.3894997,0.111111,6425.680176,0.117647,0.006536,4.2226901
206,0,12158925.55,4432571.843,1482,29501,38417.30078,10.0080004,-0.111111,6395.700195,-0.117647,-0.006536,4.11408
207,0,12158955.55,4432571.843,1482,29497.09961,38410.5,339.7749939,-0.222222,6365.729981,-0.100427,0.121795,4.8225398
208,0,12158985.55,4432571.843,1483,29493.19922,38403.89844,328.2409973,-0.444444,6335.759766,-0.145425,0.29902,5.8755698
209,0,12159015.55,4432571.843,1485,29489.40039,38397.19922,341.5650024,0,6305.779785,0.211111,0.211111,6.0172801
210,0,12159045.55,4432571.843,1485,29485.59961,38390.5,8.7461596,-0.222222,6275.810059,0.102222,0.324444,6.2550998
211,0,12159075.55,4432571.843,1484,29481.80078,38383.89844,36.027401,0,6245.839844,0.188034,0.188034,6.46663
212,0,12159105.55,4432571.843,1481,29478.09961,38377.30078,54.4622993,-0.333333,6215.870117,-0.2,0.133333,6.1373801
213,0,12159135.55,4432571.843,1478,29474.40039,38370.39844,45,-0.888889,6185.899902,-0.444444,0.444444,4.0446901
214,0,12159165.55,4432571.843,1478,29470.69922,38363.5,336.8009949,-0.555556,6155.919922,-0.205128,0.350427,3.6313901
215,0,12159195.55,4432571.843,1480,29467.09961,38356.69922,322.5950012,-0.222222,6125.950195,0.0179739,0.240196,5.0956202
216,0,12159225.55,4432571.843,1481,29463.40039,38349.89844,326.3099976,-0.555556,6095.979981,-0.231111,0.324444,5.15065
217,0,12159255.55,4432571.843,1483,29459.80078,38343.10156,318.0130005,-0.444444,6066.009766,-0.166667,0.277778,6.3969202
218,0,12159285.55,4432571.843,1486,29456.30078,38336.30078,320.4400024,-0.111111,6036.040039,0.0018215,0.112933,7.0857301
219,0,12159315.55,4432571.843,1488,29452.80078,38329.60156,352.5690002,0.111111,6006.069824,0.309309,0.198198,5.5202098
220,0,12159345.55,4432571.843,1487,29449.30078,38322.80078,37.4053993,0,5976.100098,0.174837,0.174837,5.0956202
221,0,12159375.55,4432571.843,1485,29445.80078,38316.10156,63.4348984,-0.333333,5946.129883,0.0444444,0.377778,2.1343
222,0,12159405.55,4432571.843,1485,29442.40039,38309.39844,158.1990051,0,5916.160156,-0.0111111,-0.0111111,2.5695
223,0,12159435.55,4432571.843,1484,29438.90039,38302.80078,142.125,0.111111,5886.200195,0.0379404,-0.0731707,5.42764
224,0,12159465.55,4432571.843,1481,29435.59961,38296.10156,145.6199951,-0.555556,5856.229981,-0.238482,0.317073,5.47927
225,0,12159495.55,4432571.843,1480,29432.19922,38289.5,176.6340027,-0.666667,5826.259766,-0.222222,0.444444,4.05866
226,0,12159525.55,4432571.843,1481,29428.90039,38282.80078,206.5650024,-0.222222,5796.290039,-0.0444444,0.177778,4.2626901
227,0,12159555.55,4432571.843,1482,29425.59961,38275.89844,225,-0.666667,5766.319824,-0.305556,0.361111,5.7204299
228,0,12159585.55,4432571.843,1485,29422.40039,38269.10156,227.8619995,-0.333333,5736.359863,-0.169399,0.163934,6.7296901
229,0,12159615.55,4432571.843,1488,29419.09961,38262.19922,210.9640045,0.111111,5706.390137,0.0921409,-0.0189702,5.5507202
230,0,12159645.55,4432571.843,1489,29415.90039,38255.39844,192.2649994,0.111111,5676.419922,0.0727969,-0.0383142,5.6011801
231,0,12159675.55,4432571.843,1490,29412.80078,38248.60156,192.0950012,0.222222,5646.459961,0.0392157,-0.183007,6.80409
232,0,12159705.55,4432571.843,1491,29409.59961,38241.89844,184.0859985,0.555556,5616.490234,0.222222,-0.333333,6.6712298
233,0,12159735.55,4432571.843,1490,29406.5,38235.10156,174.8059998,0,5586.529785,0.0666667,0.0666667,5.2589502
234,0,12159765.55,4432571.843,1489,29403.40039,38228.39844,176.1860046,-0.444444,5556.560059,-0.0833333,0.361111,3.58425
235,0,12159795.55,4432571.843,1489,29400.40039,38221.69922,208.3009949,-0.555556,5526.600098,-0.230769,0.324786,3.5204101
236,0,12159825.55,4432571.843,1491,29397.40039,38215,225,-0.333333,5496.640137,-0.097561,0.235772,5.7204299
237,0,12159855.55,4432571.843,1494,29394.40039,38208.39844,218.9909973,0.111111,5466.669922,0.0928962,-0.0182149,6.4231501
238,0,12159885.55,4432571.843,1496,29391.40039,38201.69922,214.3800049,0.111111,5436.709961,-0.0379404,-0.149051,5.47927
239,0,12159915.55,4432571.843,1498,29388.5,38195.10156,232.5950012,0.222222,5406.75,0.142157,-0.0800654,5.0956202
240,0,12159945.55,4432571.843,1501,29385.59961,38188.5,234.4620056,0.777778,5376.779785,0.410256,-0.367521,4.1002898
241,0,12159975.55,4432571.843,1501,29382.80078,38182,206.5650024,0.111111,5346.819824,0,-0.111111,2.1343
242,0,12160005.55,4432571.843,1501,29379.90039,38175.39844,225,0,5316.859863,0,0,0.337615
243,0,12160035.55,4432571.843,1501,29377.09961,38168.89844,298.3009949,-0.333333,5286.899902,-0.025641,0.307692,3.5204101
244,0,12160065.55,4432571.843,1504,29374.40039,38162.39844,286.1889954,-0.333333,5256.939941,-0.143075,0.190259,7.6603198
245,0,12160095.55,4432571.843,1509,29371.59961,38155.89844,277.125,0.333333,5226.979981,0.0854701,-0.247863,7.6530499
246,0,12160125.55,4432571.843,1512,29368.90039,38149.5,263.6600037,-0.222222,5197.02002,-0.0877778,0.134444,6.4579501
247,0,12160155.55,4432571.843,1516,29366.19922,38143.10156,253.0720062,0.333333,5167.060059,0.228512,-0.104822,5.7204299
248,0,12160185.55,4432571.843,1519,29363.59961,38136.60156,230.1940002,0.777778,5137.100098,0.461538,-0.316239,3.72387
249,0,12160215.55,4432571.843,1519,29360.90039,38129.89844,188.1300049,0.222222,5107.140137,0,-0.222222,3.3722899
250,0,12160245.55,4432571.843,1519,29358.40039,38123,190.0079956,0.222222,5077.180176,0,-0.222222,4.11408
251,0,12160275.55,4432571.843,1519,29355.80078,38116.19922,209.4759979,-0.444444,5047.229981,-0.151961,0.292484,6.28194
252,0,12160305.55,4432571.843,1522,29353.30078,38109.30078,214.875,0.111111,5017.27002,0.162393,0.0512821,9.51443
253,0,12160335.55,4432571.843,1525,29350.80078,38102.5,214.6950073,-0.111111,4987.310059,-0.0484713,0.0626398,11.1800003
254,0,12160365.55,4432571.843,1529,29348.30078,38095.69922,210.0690002,0.444444,4957.359863,0.173203,-0.271242,10.3677998
255,0,12160395.55,4432571.843,1531,29345.90039,38089,198.4349976,0.333333,4927.399902,0.0700152,-0.263318,8.2468901
256,0,12160425.55,4432571.843,1532,29343.5,38082.19922,184.0859985,0.444444,4897.450195,0.1,-0.344444,6.6712298
257,0,12160455.55,4432571.843,1532,29341.09961,38075.5,168.6900024,0.555556,4867.490234,0.129129,-0.426426,6.0637698
258,0,12160485.55,4432571.843,1531,29338.69922,38068.80078,172.5690002,0.333333,4837.540039,-0.0870871,-0.42042,5.5202098
259,0,12160515.55,4432571.843,1531,29336.40039,38062.10156,168.6900024,0.555556,4807.589844,0.275862,-0.279693,4.8575301
260,0,12160545.55,4432571.843,1529,29334.09961,38055.39844,163.6100006,-0.222222,4777.640137,-0.155556,0.0666667,4.2226901
261,0,12160575.55,4432571.843,1529,29331.90039,38048.80078,161.5650024,0.111111,4747.680176,0.0784314,-0.0326797,4.5202298
262,0,12160605.55,4432571.843,1528,29329.59961,38042.19922,152.526001,0.444444,4717.729981,0.0940171,-0.350427,6.6963501
263,0,12160635.55,4432571.843,1525,29327.5,38035.39844,174.8059998,-0.777778,4687.779785,-0.47451,0.303268,7.86096
264,0,12160665.55,4432571.843,1526,29325.30078,38028.5,207.8970032,-0.666667,4657.830078,-0.380503,0.286164,9.1067495
265,0,12160695.55,4432571.843,1530,29323.19922,38021.69922,220.7640076,0,4627.879883,-0.0833333,-0.0833333,9.06429
266,0,12160725.55,4432571.843,1533,29321.09961,38014.89844,214.2160034,0.222222,4597.930176,0.128205,-0.0940171,7.1796498
267,0,12160755.55,4432571.843,1534,29319,38008.10156,201.3710022,-0.222222,4567.990234,-0.0388889,0.183333,5.8755698
268,0,12160785.55,4432571.843,1535,29316.90039,38001.30078,203.9620056,-0.111111,4538.040039,-0.091954,0.0191571,4.6919699
269,0,12160815.55,4432571.843,1536,29314.90039,37994.5,180,0,4508.089844,0.222222,0.222222,2.8624101
270,0,12160845.55,4432571.843,1535,29312.90039,37987.80078,145.3049927,-0.111111,4478.149902,-0.111111,0,3.7692399
271,0,12160875.55,4432571.843,1534,29311,37981.10156,154.654007,-0.111111,4448.200195,-0.0727969,0.0383142,5.0062799
272,0,12160905.55,4432571.843,1533,29309.09961,37974.39844,148.2409973,0.111111,4418.259766,0.111111,0,5.8755698
273,0,12160935.55,4432571.843,1531,29307.19922,37967.69922,149.0359955,-0.111111,4388.310059,0.0622222,0.173333,4.1687398
274,0,12160965.55,4432571.843,1530,29305.30078,37961,161.5650024,-0.444444,4358.370117,-0.111111,0.333333,1.5095299
275,0,12160995.55,4432571.843,1530,29303.5,37954.39844,251.5650024,-0.444444,4328.430176,-0.222222,0.222222,1.5095299
276,0,12161025.55,4432571.843,1532,29301.69922,37947.80078,258.6900024,-0.111111,4298.490234,-0.0915033,0.0196078,3.64697
277,0,12161055.55,4432571.843,1534,29299.90039,37940.89844,251.5650024,0,4268.549805,-0.0888889,-0.0888889,3.0169599
278,0,12161085.55,4432571.843,1535,29298.19922,37934.10156,265.6010132,-0.222222,4238.609863,-0.161111,0.0611111,3.1096301
279,0,12161115.55,4432571.843,1537,29296.5,37927.19922,289.7990112,-0.444444,4208.669922,-0.105556,0.338889,6.3175502
280,0,12161145.55,4432571.843,1541,29294.80078,37920.39844,312.6140137,-0.111111,4178.729981,0.111111,0.222222,8.0563602
281,0,12161175.55,4432571.843,1544,29293.19922,37913.60156,346.7590027,0.444444,4148.790039,0.377778,-0.0666667,8.2804298
282,0,12161205.55,4432571.843,1544,29291.59961,37906.80078,9.4623203,0.333333,4118.859863,0.123212,-0.210121,8.6466703
283,0,12161235.55,4432571.843,1543,29290,37900.10156,12.9946003,0.222222,4088.919922,-0.04,-0.262222,6.34412
284,0,12161265.55,4432571.843,1543,29288.40039,37893.30078,28.3008003,0.666667,4058.98999,0.472222,-0.194444,3.5204101
285,0,12161295.55,4432571.843,1541,29286.90039,37886.60156,63.4348984,0.333333,4029.060059,0.206897,-0.126437,4.2626901
286,0,12161325.55,4432571.843,1538,29285.40039,37879.89844,71.5650024,0.111111,3999.120117,0.0083857,-0.102725,6.0172801
287,0,12161355.55,4432571.843,1534,29284,37873.30078,75.2564011,-0.555556,3969.189941,-0.180077,0.375479,4.6799102
288,0,12161385.55,4432571.843,1533,29282.5,37866.60156,108.4349976,-0.222222,3939.26001,-0.222222,0,1.5095299
289,0,12161415.55,4432571.843,1533,29281.09961,37860,191.3099976,-0.111111,3909.330078,-0.111111,0,1.2171201
290,0,12161445.55,4432571.843,1534,29279.80078,37853.30078,104.0360031,0.666667,3879.409912,0.222222,-0.444444,1.96786
291,0,12161475.55,4432571.843,1531,29278.40039,37846.5,96.3402023,0,3849.479981,0,0,4.3154502
292,0,12161505.55,4432571.843,1528,29277.09961,37839.60156,113.1989975,-0.666667,3819.550049,-0.444444,0.222222,3.6313901
293,0,12161535.55,4432571.843,1527,29275.80078,37832.80078,147.529007,-0.333333,3789.629883,-0.2,0.133333,3.1096301
294,0,12161565.55,4432571.843,1527,29274.59961,37825.89844,158.1990051,0.111111,3759.709961,0.0613027,-0.0498084,5.1287098
295,0,12161595.55,4432571.843,1525,29273.40039,37819.10156,174.0939941,-0.666667,3729.790039,-0.444444,0.222222,6.92625
296,0,12161625.55,4432571.843,1527,29272.19922,37812.39844,205.0169983,0.111111,3699.860107,-0.0674157,-0.178527,7.8538899
297,0,12161655.55,4432571.843,1530,29271.09961,37805.60156,211.7590027,0.666667,3669.949951,0.111111,-0.555556,5.8755698
298,0,12161685.55,4432571.843,1531,29269.90039,37798.89844,213.6900024,0.666667,3640.030029,0.111111,-0.555556,1.72101
299,0,12161715.55,4432571.843,1531,29268.80078,37792.19922,53.1301003,0.777778,3610.110107,0.307692,-0.470085,2.3859401
300,0,12161745.55,4432571.843,1528,29267.80078,37785.5,56.3098984,0.111111,3580.199951,0.0444444,-0.0666667,5.15065
301,0,12161775.55,4432571.843,1525,29266.80078,37778.89844,45,-0.333333,3550.280029,-0.233062,0.100271,5.3859801
302,0,12161805.55,4432571.843,1523,29265.80078,37772.19922,37.875,-0.333333,3520.370117,-0.130081,0.203252,5.42764
303,0,12161835.55,4432571.843,1521,29264.80078,37765.60156,26.5650997,-0.666667,3490.459961,-0.222222,0.444444,4.2626901
304,0,12161865.55,4432571.843,1521,29263.80078,37758.89844,18.4349003,-0.222222,3460.550049,0.05,0.272222,3.7692399
305,0,12161895.55,4432571.843,1520,29262.90039,37752,36.8698997,-0.222222,3430.639893,-0.006536,0.215686,4.7636399
306,0,12161925.55,4432571.843,1518,29262.09961,37745.10156,45,-0.333333,3400.73999,-0.106667,0.226667,4.0446901
307,0,12161955.55,4432571.843,1516,29261.19922,37738.30078,336.8009949,-1.33333,3370.830078,-0.694444,0.638889,1.81752
308,0,12161985.55,4432571.843,1519,29260.40039,37731.5,14.0361996,0.333333,3340.929932,0.444444,0.111111,1.96786
309,0,12162015.55,4432571.843,1517,29259.59961,37724.69922,69.2276993,0.333333,3311.030029,-0.0608828,-0.394216,7.36374
310,0,12162045.55,4432571.843,1511,29258.90039,37717.89844,70.5599976,-0.777778,3281.129883,-0.528033,0.249745,8.5437298
311,0,12162075.55,4432571.843,1507,29258.09961,37711.19922,60.5241013,-1,3251.229981,-0.688889,0.311111,6.28194
312,0,12162105.55,4432571.843,1505,29257.40039,37704.5,45,-0.777778,3221.340088,-0.337778,0.44,5.0511498
313,0,12162135.55,4432571.843,1504,29256.80078,37697.80078,45,-0.444444,3191.439941,-0.0222222,0.422222,4.3804898
314,0,12162165.55,4432571.843,1503,29256.19922,37691.10156,71.5650024,0,3161.550049,0.0111111,0.0111111,3.0169599
315,0,12162195.55,4432571.843,1501,29255.59961,37684.5,153.4349976,-0.666667,3131.659912,-0.5,0.166667,2.1343
316,0,12162225.55,4432571.843,1501,29255,37677.80078,200.2250061,-0.777778,3101.77002,-0.172414,0.605364,4.8225398
317,0,12162255.55,4432571.843,1503,29254.40039,37671.19922,199.654007,-0.333333,3071.889893,0.0136752,0.347009,7.0620399
318,0,12162285.55,4432571.843,1505,29253.90039,37664.39844,178.3630066,0.444444,3042.01001,0.348916,-0.0955285,8.3004799
319,0,12162315.55,4432571.843,1504,29253.5,37657.5,169.2870026,0.222222,3012.129883,0.0192308,-0.202991,8.9170904
320,0,12162345.55,4432571.843,1503,29253,37650.69922,180,-0.222222,2982.25,-0.222222,0,8.0632496
321,0,12162375.55,4432571.843,1504,29252.59961,37643.80078,191.3099976,0.222222,2952.370117,-0.0130719,-0.235294,7.2646298
322,0,12162405.55,4432571.843,1505,29252.19922,37637,201.3710022,0.222222,2922.5,-0.0611111,-0.283333,5.8755698
323,0,12162435.55,4432571.843,1506,29251.90039,37630.19922,220.6009979,0,2892.629883,-0.111111,-0.111111,4.3933802
324,0,12162465.55,4432571.843,1508,29251.5,37623.5,217.875,0.444444,2862.76001,0.194444,-0.25,2.7199199
325,0,12162495.55,4432571.843,1508,29251.19922,37616.80078,168.6900024,0.333333,2832.899902,0.0888889,-0.244444,2.43314
326,0,12162525.55,4432571.843,1507,29251,37610,139.7640076,0.111111,2803.030029,0.0444444,-0.0666667,4.05866
327,0,12162555.55,4432571.843,1505,29250.80078,37603.39844,117.473999,0.444444,2773.179932,0.165709,-0.278736,6.6963501
328,0,12162585.55,4432571.843,1500,29250.59961,37596.69922,131.423996,-0.888889,2743.320068,-0.465686,0.423203,5.39642
329,0,12162615.55,4432571.843,1500,29250.40039,37590,213.6900024,-0.555556,2713.469971,-0.311111,0.244444,5.15065
330,0,12162645.55,4432571.843,1503,29250.19922,37583.39844,239.0359955,-0.444444,2683.620117,-0.359195,0.085249,6.92625
331,0,12162675.55,4432571.843,1507,29250.09961,37576.80078,244.654007,0.333333,2653.77002,0.0666667,-0.266667,5.0062799
332,0,12162705.55,4432571.843,1509,29250.09961,37569.89844,296.5650024,0.555556,2623.929932,0.222222,-0.333333,1.06752
333,0,12162735.55,4432571.843,1508,29250,37563,59.0362015,0.555556,2594.090088,0.193078,-0.362477,5.5507202
334,0,12162765.55,4432571.843,1503,29250,37556.19922,77.2755966,-0.333333,2564.25,-0.134641,0.198693,7.5431499
335,0,12162795.55,4432571.843,1499,29250,37549.39844,108.4349976,-0.666667,2534.419922,-0.538889,0.127778,5.26966
336,0,12162825.55,4432571.843,1497,29250.09961,37542.60156,153.4349976,-0.777778,2504.600098,-0.383142,0.394636,5.3228502
337,0,12162855.55,4432571.843,1497,29250.09961,37535.80078,156.8009949,0,2474.77002,0.169935,0.169935,7.23384
338,0,12162885.55,4432571.843,1495,29250.19922,37529.10156,141.3399963,0.111111,2444.949951,0.0810458,-0.0300654,9.0946398
339,0,12162915.55,4432571.843,1491,29250.40039,37522.30078,135,-0.222222,2415.139893,-0.0833333,0.138889,9.6972704
340,0,12162945.55,4432571.843,1487,29250.59961,37515.60156,135,-0.555556,2385.330078,-0.193464,0.362092,8.0494699
341,0,12162975.55,4432571.843,1484,29250.80078,37508.89844,137.8619995,-0.666667,2355.530029,-0.487179,0.179487,6.7296901
342,0,12163005.55,4432571.843,1481,29251,37502.30078,167.9049988,-1.44444,2325.729981,-0.574423,0.870021,6.80409
343,0,12163035.55,4432571.843,1482,29251.19922,37495.60156,200.3760071,-1.2222199,2295.929932,-0.422222,0.8,8.8425102
344,0,12163065.55,4432571.843,1486,29251.5,37489,201.8009949,0.111111,2266.139893,0.0274657,-0.0836454,7.6675801
345,0,12163095.55,4432571.843,1487,29251.90039,37482.30078,180,0.222222,2236.360107,0.222222,0,4.7636399
346,0,12163125.55,4432571.843,1486,29252.19922,37475.39844,176.1860046,-0.444444,2206.580078,-0.222222,0.222222,3.58425
347,0,12163155.55,4432571.843,1487,29252.59961,37468.60156,195.9450073,0.111111,2176.810059,0.034188,-0.0769231,3.47174
348,0,12163185.55,4432571.843,1488,29253,37461.69922,217.4049988,0,2147.040039,0.0833333,0.0833333,5.0956202
349,0,12163215.55,4432571.843,1491,29253.5,37454.89844,203.1990051,0.777778,2117.290039,0.377778,-0.4,5.4380102
350,0,12163245.55,4432571.843,1491,29253.90039,37448.10156,154.654007,0.777778,2087.530029,0.325671,-0.452107,5.0062799
351,0,12163275.55,4432571.843,1489,29254.40039,37441.39844,120.0690002,0.666667,2057.790039,0.560458,-0.106209,5.2266998
352,0,12163305.55,4432571.843,1486,29255,37434.60156,90,0.444444,2028.050049,0.444444,0,4.2891502
353,0,12163335.55,4432571.843,1483,29255.59961,37427.89844,40.2364006,-0.333333,1998.319946,-0.337778,-0.0044444,4.05866
354,0,12163365.55,4432571.843,1482,29256.19922,37421.19922,25.5599995,0.111111,1968.599976,0.0683761,-0.042735,6.0637698
355,0,12163395.55,4432571.843,1479,29256.80078,37414.5,15.6422005,-1,1938.890015,-0.377778,0.622222,6.1738501
356,0,12163425.55,4432571.843,1479,29257.40039,37407.89844,357.7090149,-0.777778,1909.189941,-0.117117,0.660661,5.95158
357,0,12163455.55,4432571.843,1480,29258.09961,37401.19922,351.8699951,-0.333333,1879.48999,0.0041929,0.337526,6.7213702
358,0,12163485.55,4432571.843,1481,29258.90039,37394.60156,0,0,1849.810059,0.222222,0.222222,8.5307703
359,0,12163515.55,4432571.843,1480,29259.59961,37387.80078,9.0902796,-0.333333,1820.140015,-0.0745022,0.258831,11.9137001
360,0,12158145.55,4432601.767,1485,29583,38563.5,5.44033,-0.555556,6482.5,-0.310231,0.245325,9.9702597
361,0,12158175.55,4432601.767,1486,29578.30078,38556.80078,346.32901,-0.222222,6483.399902,-0.127778,0.0944444,9.0155096
362,0,12158205.55,4432601.767,1488,29573.69922,38550.10156,356.8200073,0.444444,6484.439941,0.330623,-0.113821,8.5437298
363,0,12158235.55,4432601.767,1487,29569.09961,38543.5,17.4472008,0.111111,6485.620117,0.0169935,-0.0941176,8.6913004
364,0,12158265.55,4432601.767,1486,29564.5,38536.80078,29.3577995,0.666667,6486.939941,0.311111,-0.355556,8.6976604
365,0,12158295.55,4432601.767,1483,29559.90039,38530.19922,30.9638004,0.222222,6488.399902,0.039039,-0.183183,8.2938099
366,0,12158325.55,4432601.767,1481,29555.40039,38523.30078,25.0168991,0.222222,6489.990234,0.0444444,-0.177778,7.8538899
367,0,12158355.55,4432601.767,1479,29550.90039,38516.39844,19.6537991,0,6491.729981,-0.0363985,-0.0363985,7.0620399
368,0,12158385.55,4432601.767,1478,29546.5,38509.60156,357.8789978,-0.222222,6493.600098,-0.222222,0,6.4231501
369,0,12158415.55,4432601.767,1479,29542,38502.80078,330.6419983,-0.333333,6495.609863,-0.139825,0.193508,8.6976604
370,0,12158445.55,4432601.767,1483,29537.59961,38496,335.7720032,0.555556,6497.75,0.4,-0.155556,10.3572998
371,0,12158475.55,4432601.767,1484,29533.19922,38489.19922,0,0.555556,6500.040039,0.332567,-0.222989,10.3888998
372,0,12158505.55,4432601.767,1482,29528.90039,38482.5,11.3099003,-0.333333,6502.459961,-0.0591233,0.27421,9.6462202
373,0,12158535.55,4432601.767,1481,29524.59961,38475.69922,21.5014,-0.111111,6505.02002,0.12481,0.235921,8.40658
374,0,12158565.55,4432601.767,1479,29520.30078,38469,28.0725002,-0.111111,6507.720215,-0.0273504,0.0837607,8.0632496
375,0,12158595.55,4432601.767,1477,29516.09961,38462.39844,11.9761,-0.444444,6510.549805,-0.261438,0.183007,8.0010405
376,0,12158625.55,4432601.767,1477,29511.80078,38455.69922,356.9869995,-0.333333,6513.52002,-0.10121,0.232123,9.0093899
377,0,12158655.55,4432601.767,1478,29507.59961,38449.10156,354.2890015,0.111111,6516.629883,0.110011,-0.0011001,9.5086603
378,0,12158685.55,4432601.767,1478,29503.5,38442.39844,1.4687999,-0.111111,6519.879883,0.113311,0.224422,9.2328701
379,0,12158715.55,4432601.767,1477,29499.30078,38435.69922,0,-0.555556,6523.259766,-0.222222,0.333333,8.9971399
380,0,12158745.55,4432601.767,1478,29495.19922,38428.80078,354.5599976,-0.111111,6526.779785,0.129813,0.240924,9.9702597
381,0,12158775.55,4432601.767,1478,29491.19922,38421.89844,0,-0.333333,6530.430176,0,0.333333,11.3099003
382,0,12158805.55,4432601.767,1478,29487.09961,38415.10156,352.5690002,-0.444444,6516.910156,-0.258258,0.186186,10.9398003
383,0,12158835.55,4432601.767,1480,29483.09961,38408.30078,343.6099854,0,6486.939941,-0.0444444,-0.0444444,8.3999901
384,0,12158865.55,4432601.767,1481,29479.09961,38401.5,351.8699951,0.111111,6456.970215,0.0392157,-0.0718954,5.0511498
385,0,12158895.55,4432601.767,1481,29475.19922,38394.80078,8.1301003,0.111111,6427.009766,0.130719,0.0196078,3.3722899
386,0,12158925.55,4432601.767,1480,29471.19922,38388,11.3099003,-0.333333,6397.040039,-0.0888889,0.244444,2.43314
387,0,12158955.55,4432601.767,1480,29467.30078,38381.30078,323.1300049,-0.444444,6367.069824,-0.222222,0.222222,2.3859401
388,0,12158985.55,4432601.767,1482,29463.5,38374.60156,309.2890015,0.111111,6337.100098,0.0598291,-0.0512821,3.38907
389,0,12159015.55,4432601.767,1483,29459.59961,38367.89844,329.0360107,0,6307.140137,0.0888889,0.0888889,2.7818899
390,0,12159045.55,4432601.767,1483,29455.80078,38361.30078,18.4349003,-0.111111,6277.169922,0.0666667,0.177778,2.2636399
391,0,12159075.55,4432601.767,1482,29452.09961,38354.69922,59.0362015,-0.222222,6247.209961,-0.0555556,0.166667,2.7818899
392,0,12159105.55,4432601.767,1481,29448.30078,38348.10156,90,0.111111,6217.240234,0,-0.111111,3.33847
393,0,12159135.55,4432601.767,1479,29444.59961,38341.19922,114.4440002,-0.111111,6187.279785,-0.0598291,0.0512821,2.88218
394,0,12159165.55,4432601.767,1478,29440.90039,38334.30078,210.9640045,-0.333333,6157.310059,-0.222222,0.111111,1.39176
395,0,12159195.55,4432601.767,1479,29437.30078,38327.5,251.5650024,-0.444444,6127.350098,-0.311111,0.133333,3.0169599
396,0,12159225.55,4432601.767,1481,29433.69922,38320.69922,254.7449951,0,6097.379883,-0.105556,-0.105556,2.7199199
397,0,12159255.55,4432601.767,1482,29430.09961,38313.89844,274.3989868,-0.333333,6067.419922,-0.222222,0.111111,3.1096301
398,0,12159285.55,4432601.767,1484,29426.5,38307.10156,295.0169983,-0.222222,6037.459961,-0.111111,0.111111,3.9454801
399,0,12159315.55,4432601.767,1486,29423,38300.30078,338.1990051,0.222222,6007.5,0.288889,0.0666667,2.5695
400,0,12159345.55,4432601.767,1485,29419.5,38293.60156,33.6901016,-0.333333,5977.529785,-0.0444444,0.288889,1.72101
401,0,12159375.55,4432601.767,1485,29416,38286.89844,239.0359955,-0.333333,5947.569824,-0.0222222,0.311111,1.39176
402,0,12159405.55,4432601.767,1487,29412.5,38280.19922,204.4440002,0.333333,5917.609863,0.264957,-0.0683761,2.88218
403,0,12159435.55,4432601.767,1487,29409.09961,38273.5,156.0379944,0.444444,5887.649902,0.133333,-0.311111,4.6919699
404,0,12159465.55,4432601.767,1485,29405.80078,38266.89844,158.9620056,0,5857.689941,-0.157088,-0.157088,6.6206899
405,0,12159495.55,4432601.767,1484,29402.40039,38260.30078,176.1860046,-0.111111,5827.729981,-0.109402,0.0017094,7.1406698
406,0,12159525.55,4432601.767,1484,29399.09961,38253.60156,193.5700073,-0.333333,5797.77002,-0.228512,0.104822,7.0857301
407,0,12159555.55,4432601.767,1486,29395.80078,38246.69922,212.7350006,0,5767.810059,-0.036036,-0.036036,7.8962202
408,0,12159585.55,4432601.767,1489,29392.5,38239.80078,217.5690002,0.222222,5737.850098,0.0585586,-0.163664,7.7827802
409,0,12159615.55,4432601.767,1491,29389.30078,38233,200.2250061,0.333333,5707.890137,0.111111,-0.222222,4.8225398
410,0,12159645.55,4432601.767,1491,29386.09961,38226.19922,206.5650024,0,5677.930176,-0.0555556,-0.0555556,3.1996
411,0,12159675.55,4432601.767,1493,29382.90039,38219.39844,219.2890015,0.555556,5647.970215,0.282051,-0.273504,3.38907
412,0,12159705.55,4432601.767,1493,29379.80078,38212.60156,188.1300049,0.111111,5618.02002,0,-0.111111,3.3722899
413,0,12159735.55,4432601.767,1493,29376.69922,38205.89844,177.2740021,0.222222,5588.060059,0.0576923,-0.16453,5.0062799
414,0,12159765.55,4432601.767,1492,29373.59961,38199.19922,175.9140015,-0.333333,5558.100098,-0.126496,0.206838,6.6712298
415,0,12159795.55,4432601.767,1492,29370.59961,38192.39844,192.0950012,-0.333333,5528.149902,-0.243187,0.0901468,6.80409
416,0,12159825.55,4432601.767,1494,29367.5,38185.80078,217.2350006,-0.111111,5498.189941,-0.0928962,0.0182149,7.45401
417,0,12159855.55,4432601.767,1497,29364.5,38179.10156,215.5379944,0.222222,5468.240234,0.0769231,-0.145299,6.1373801
418,0,12159885.55,4432601.767,1498,29361.59961,38172.5,203.1990051,0.222222,5438.279785,0.0444444,-0.177778,3.6313901
419,0,12159915.55,4432601.767,1498,29358.69922,38165.89844,237.529007,-0.444444,5408.330078,-0.305556,0.138889,3.1096301
420,0,12159945.55,4432601.767,1500,29355.80078,38159.30078,257.0050049,-0.222222,5378.370117,-0.222222,0,3.1818099
421,0,12159975.55,4432601.767,1502,29352.90039,38152.69922,225,0.444444,5348.419922,0.25,-0.194444,1.01275
422,0,12160005.55,4432601.767,1501,29350.09961,38146.19922,120.9639969,-0.111111,5318.470215,-0.0666667,0.0444444,1.39176
423,0,12160035.55,4432601.767,1500,29347.30078,38139.60156,263.6600037,-0.666667,5288.52002,-0.222222,0.444444,2.16079
424,0,12160065.55,4432601.767,1503,29344.5,38133.10156,271.8479919,-0.444444,5258.560059,-0.222222,0.222222,7.36374
425,0,12160095.55,4432601.767,1508,29341.69922,38126.60156,273.1799927,-0.111111,5228.609863,-0.110011,0.0011001,8.5437298
426,0,12160125.55,4432601.767,1513,29339,38120.19922,278.1300049,0.444444,5198.660156,0.222222,-0.222222,6.7213702
427,0,12160155.55,4432601.767,1516,29336.30078,38113.80078,300.0690002,0.444444,5168.709961,0.397059,-0.0473856,5.2266998
428,0,12160185.55,4432601.767,1518,29333.69922,38107.30078,322.5950012,0.333333,5138.759766,0.157182,-0.176152,5.0956202
429,0,12160215.55,4432601.767,1520,29331.09961,38100.69922,334.9830017,0.888889,5108.819824,0.244444,-0.644444,3.9454801
430,0,12160245.55,4432601.767,1520,29328.5,38093.80078,307.875,0.222222,5078.870117,-0.0277778,-0.25,2.7199199
431,0,12160275.55,4432601.767,1522,29325.90039,38087,267.2739868,0.333333,5048.919922,0.561562,0.228228,5.0062799
432,0,12160305.55,4432601.767,1526,29323.40039,38080.10156,260.2179871,0.777778,5018.970215,0.77265,-0.0051282,6.99049
433,0,12160335.55,4432601.767,1530,29320.90039,38073.30078,256.4299927,1,4989.029785,0.844864,-0.155136,7.0857301
434,0,12160365.55,4432601.767,1533,29318.40039,38066.5,246.8009949,0.888889,4959.080078,0.6,-0.288889,5.4380102
435,0,12160395.55,4432601.767,1534,29316,38059.69922,219.2890015,0.444444,4929.140137,0.15,-0.294444,3.38907
436,0,12160425.55,4432601.767,1534,29313.5,38053,180,0.222222,4899.189941,0.111111,-0.111111,2.8624101
437,0,12160455.55,4432601.767,1533,29311.19922,38046.19922,153.4349976,-0.111111,4869.25,-0.034188,0.0769231,3.1996
438,0,12160485.55,4432601.767,1532,29308.80078,38039.5,167.0050049,-0.222222,4839.310059,-0.127778,0.0944444,3.1818099
439,0,12160515.55,4432601.767,1532,29306.5,38032.89844,169.9920044,-0.111111,4809.370117,0.0522876,0.163399,4.11408
440,0,12160545.55,4432601.767,1531,29304.19922,38026.19922,166.6069946,-0.333333,4779.419922,-0.123123,0.21021,5.1396899
441,0,12160575.55,4432601.767,1531,29302,38019.60156,166.6069946,0,4749.479981,0.113248,0.113248,5.1396899
442,0,12160605.55,4432601.767,1530,29299.69922,38012.89844,175.6009979,-0.333333,4719.540039,-0.222222,0.111111,6.2010498
443,0,12160635.55,4432601.767,1531,29297.5,38006.19922,190.1759949,0.111111,4689.609863,0.072,-0.0391111,9.3747797
444,0,12160665.55,4432601.767,1532,29295.40039,37999.30078,198.4349976,-0.111111,4659.669922,-0.117647,-0.006536,11.1800003
445,0,12160695.55,4432601.767,1534,29293.19922,37992.5,204.2279968,-0.222222,4629.729981,-0.10728,0.114943,10.3572998
446,0,12160725.55,4432601.767,1536,29291.09961,37985.69922,201.5010071,-0.222222,4599.790039,-0.111111,0.111111,8.40658
447,0,12160755.55,4432601.767,1538,29289.09961,37978.80078,188.7460022,0.333333,4569.859863,0.155136,-0.178197,6.2550998
448,0,12160785.55,4432601.767,1538,29287,37972.10156,183.0130005,0.222222,4539.919922,0,-0.222222,4.5327101
449,0,12160815.55,4432601.767,1538,29285,37965.30078,172.875,0.111111,4509.990234,0.104575,-0.006536,3.8436699
450,0,12160845.55,4432601.767,1537,29283,37958.5,159.4440002,-0.111111,4480.060059,-0.104575,0.006536,4.0725899
451,0,12160875.55,4432601.767,1537,29281.09961,37951.80078,159.4440002,0.333333,4450.120117,0.117647,-0.215686,4.0725899
452,0,12160905.55,4432601.767,1536,29279.09961,37945.10156,138.8139954,0.444444,4420.189941,0.222222,-0.222222,5.0623102
453,0,12160935.55,4432601.767,1533,29277.19922,37938.39844,138.8139954,-0.222222,4390.259766,-0.111111,0.111111,5.0623102
454,0,12160965.55,4432601.767,1532,29275.40039,37931.80078,159.4440002,0,4360.330078,0,0,4.0725899
455,0,12160995.55,4432601.767,1531,29273.59961,37925.10156,200.5559998,-0.555556,4330.399902,-0.326797,0.228758,4.0725899
456,0,12161025.55,4432601.767,1533,29271.80078,37918.5,225,-0.222222,4300.479981,-0.0833333,0.138889,5.7204299
457,0,12161055.55,4432601.767,1535,29270,37911.69922,214.3800049,-0.222222,4270.549805,0.0179739,0.240196,5.47927
458,0,12161085.55,4432601.767,1536,29268.30078,37904.89844,203.9620056,-0.333333,4240.620117,-0.0842912,0.249042,4.6919699
459,0,12161115.55,4432601.767,1537,29266.5,37898,230.1940002,-0.444444,4210.700195,-0.388889,0.0555556,3.72387
460,0,12161145.55,4432601.767,1539,29264.90039,37891.19922,291.8009949,-0.111111,4180.779785,-0.0444444,0.0666667,2.5695
461,0,12161175.55,4432601.767,1539,29263.19922,37884.39844,6.3401899,-0.444444,4150.859863,0.0213675,0.465812,4.3154502
462,0,12161205.55,4432601.767,1538,29261.59961,37877.60156,9.4623203,-0.666667,4120.930176,-0.12,0.546667,5.7888298
463,0,12161235.55,4432601.767,1538,29260,37870.80078,349.6950073,-0.777778,4091.01001,-0.306513,0.471264,5.3228502
464,0,12161265.55,4432601.767,1540,29258.5,37864.10156,3.01279,0.222222,4061.100098,0.305556,0.0833333,4.5327101
465,0,12161295.55,4432601.767,1539,29257,37857.39844,40.6012993,0.111111,4031.179932,0.177778,0.0666667,4.3933802
466,0,12161325.55,4432601.767,1537,29255.5,37850.69922,75.2564011,0,4001.26001,-0.0491453,-0.0491453,4.6799102
467,0,12161355.55,4432601.767,1534,29254,37844,98.1300964,-0.444444,3971.350098,-0.166667,0.277778,3.3722899
468,0,12161385.55,4432601.767,1534,29252.59961,37837.39844,153.4349976,0.111111,3941.429932,0,-0.111111,1.06752
469,0,12161415.55,4432601.767,1534,29251.19922,37830.80078,108.4349976,0.222222,3911.52002,0.194444,-0.0277778,0.754894
470,0,12161445.55,4432601.767,1533,29249.80078,37824.10156,74.7449036,0.111111,3881.610107,0.008547,-0.102564,2.7199199
471,0,12161475.55,4432601.767,1531,29248.5,37817.30078,108.4349976,-0.222222,3851.699951,0,0.222222,2.2636399
472,0,12161505.55,4432601.767,1531,29247.19922,37810.39844,154.9830017,0.333333,3821.790039,0.111111,-0.222222,3.9454801
473,0,12161535.55,4432601.767,1529,29245.90039,37803.5,171.8699951,-0.444444,3791.889893,-0.33547,0.108974,5.0511498
474,0,12161565.55,4432601.767,1530,29244.59961,37796.69922,182.2910004,0.111111,3761.979981,0.135135,0.024024,5.95158
475,0,12161595.55,4432601.767,1530,29243.40039,37789.89844,177.8789978,0.222222,3732.080078,0,-0.222222,6.4231501
476,0,12161625.55,4432601.767,1530,29242.19922,37783.19922,198.4349976,0,3702.179932,-0.155983,-0.155983,5.26966
477,0,12161655.55,4432601.767,1531,29241.09961,37776.39844,165.9640045,0.222222,3672.27002,0.422222,0.2,1.96786
478,0,12161685.55,4432601.767,1529,29240,37769.69922,60.9454002,-0.222222,3642.379883,-0.25,-0.0277778,2.4563899
479,0,12161715.55,4432601.767,1528,29238.90039,37763,52.125,-0.333333,3612.479981,-0.196581,0.136752,2.7199199
480,0,12161745.55,4432601.767,1526,29237.80078,37756.30078,90,-0.444444,3582.580078,-0.444444,0,3.81407
481,0,12161775.55,4432601.767,1524,29236.80078,37749.60156,115.0169983,-0.444444,3552.689941,-0.422222,0.0222222,3.9454801
482,0,12161805.55,4432601.767,1522,29235.80078,37743,135,-0.666667,3522.800049,-0.388889,0.277778,4.0446901
483,0,12161835.55,4432601.767,1521,29234.80078,37736.39844,156.8009949,-0.555556,3492.909912,-0.130719,0.424837,3.6313901
484,0,12161865.55,4432601.767,1521,29233.90039,37729.69922,146.3099976,-0.111111,3463.02002,0.102564,0.213675,3.43891
485,0,12161895.55,4432601.767,1519,29232.90039,37722.80078,119.7450027,-0.555556,3433.129883,-0.290598,0.264957,3.8436699
486,0,12161925.55,4432601.767,1518,29232.09961,37715.89844,143.1300049,-0.333333,3403.25,-0.222222,0.111111,2.3859401
487,0,12161955.55,4432601.767,1519,29231.19922,37709.10156,194.0359955,0.333333,3373.370117,0.0915033,-0.24183,1.96786
488,0,12161985.55,4432601.767,1519,29230.40039,37702.30078,80.5376968,0.444444,3343.48999,0,-0.444444,2.9018199
489,0,12162015.55,4432601.767,1516,29229.59961,37695.5,72.7584991,0.333333,3313.610107,0.218803,-0.11453,7.21067
490,0,12162045.55,4432601.767,1512,29228.90039,37688.69922,92.2906036,0.111111,3283.729981,0.222222,0.111111,5.95158
491,0,12162075.55,4432601.767,1509,29228.09961,37682,131.6340027,-0.111111,3253.860107,-0.229508,-0.118397,5.7302599
492,0,12162105.55,4432601.767,1506,29227.5,37675.19922,141.0090027,-0.555556,3223.98999,-0.220401,0.335155,6.4231501
493,0,12162135.55,4432601.767,1504,29226.80078,37668.5,146.3099976,-0.555556,3194.120117,-0.177778,0.377778,5.15065
494,0,12162165.55,4432601.767,1503,29226.19922,37661.89844,171.0269928,-0.666667,3164.25,-0.222222,0.444444,4.5823102
495,0,12162195.55,4432601.767,1504,29225.59961,37655.19922,194.5339966,-0.222222,3134.389893,-0.0105364,0.211686,6.6291399
496,0,12162225.55,4432601.767,1506,29225,37648.60156,201.5010071,0.111111,3104.530029,0.0389462,-0.0721649,8.40658
497,0,12162255.55,4432601.767,1508,29224.5,37642,199.5370026,0.333333,3074.669922,0.0700152,-0.263318,7.8041801
498,0,12162285.55,4432601.767,1509,29223.90039,37635.19922,180,0.444444,3044.820068,0.222222,-0.222222,6.18293
