FID,Name,X,Y,Depth,Cls,DEM,WaterSys_Dis,Slope,Plan_Cur,Prof_Cur,Comp_Cur,Aspect,Faults_Dis,Eq_Dis
0,H13,12161220.000000000000000,4434999.345999999903142,0,0,1508.189941,4844.569824,9.6047401,-0.157801,0.178641,-0.336442,176.1569977,35529.30078,26854.40039
1,H13,12161220.000000000000000,4434999.345999999903142,1,0,1508.189941,4844.569824,9.6047401,-0.157801,0.178641,-0.336442,176.1569977,35529.30078,26854.40039
2,H13,12161220.000000000000000,4434999.345999999903142,2,0,1508.189941,4844.569824,9.6047401,-0.157801,0.178641,-0.336442,176.1569977,35529.30078,26854.40039
3,H13,12161220.000000000000000,4434999.345999999903142,3,0,1508.189941,4844.569824,9.6047401,-0.157801,0.178641,-0.336442,176.1569977,35529.30078,26854.40039
4,H13,12161220.000000000000000,4434999.345999999903142,4,0,1508.189941,4844.569824,9.6047401,-0.157801,0.178641,-0.336442,176.1569977,35529.30078,26854.40039
5,H13,12161220.000000000000000,4434999.345999999903142,5,0,1508.189941,4844.569824,9.6047401,-0.157801,0.178641,-0.336442,176.1569977,35529.30078,26854.40039
6,H13,12161220.000000000000000,4434999.345999999903142,6,0,1508.189941,4844.569824,9.6047401,-0.157801,0.178641,-0.336442,176.1569977,35529.30078,26854.40039
7,H13,12161220.000000000000000,4434999.345999999903142,7,0,1508.189941,4844.569824,9.6047401,-0.157801,0.178641,-0.336442,176.1569977,35529.30078,26854.40039
8,H13,12161220.000000000000000,4434999.345999999903142,8,0,1508.189941,4844.569824,9.6047401,-0.157801,0.178641,-0.336442,176.1569977,35529.30078,26854.40039
9,H13,12161220.000000000000000,4434999.345999999903142,9,0,1508.189941,4844.569824,9.6047401,-0.157801,0.178641,-0.336442,176.1569977,35529.30078,26854.40039
10,H13,12161220.000000000000000,4434999.345999999903142,10,0,1508.189941,4844.569824,9.6047401,-0.157801,0.178641,-0.336442,176.1569977,35529.30078,26854.40039
11,H13,12161220.000000000000000,4434999.345999999903142,11,0,1508.189941,4844.569824,9.6047401,-0.157801,0.178641,-0.336442,176.1569977,35529.30078,26854.40039
12,H13,12161220.000000000000000,4434999.345999999903142,12,0,1508.189941,4844.569824,9.6047401,-0.157801,0.178641,-0.336442,176.1569977,35529.30078,26854.40039
13,H13,12161220.000000000000000,4434999.345999999903142,13,0,1508.189941,4844.569824,9.6047401,-0.157801,0.178641,-0.336442,176.1569977,35529.30078,26854.40039
14,H13,12161220.000000000000000,4434999.345999999903142,14,0,1508.189941,4844.569824,9.6047401,-0.157801,0.178641,-0.336442,176.1569977,35529.30078,26854.40039
15,H13,12161220.000000000000000,4434999.345999999903142,15,0,1508.189941,4844.569824,9.6047401,-0.157801,0.178641,-0.336442,176.1569977,35529.30078,26854.40039
16,H13,12161220.000000000000000,4434999.345999999903142,16,0,1508.189941,4844.569824,9.6047401,-0.157801,0.178641,-0.336442,176.1569977,35529.30078,26854.40039
17,H13,12161220.000000000000000,4434999.345999999903142,17,0,1508.189941,4844.569824,9.6047401,-0.157801,0.178641,-0.336442,176.1569977,35529.30078,26854.40039
18,H13,12161220.000000000000000,4434999.345999999903142,18,0,1508.189941,4844.569824,9.6047401,-0.157801,0.178641,-0.336442,176.1569977,35529.30078,26854.40039
19,H13,12161220.000000000000000,4434999.345999999903142,19,0,1508.189941,4844.569824,9.6047401,-0.157801,0.178641,-0.336442,176.1569977,35529.30078,26854.40039
20,H13,12161220.000000000000000,4434999.345999999903142,20,0,1508.189941,4844.569824,9.6047401,-0.157801,0.178641,-0.336442,176.1569977,35529.30078,26854.40039
21,H13,12161220.000000000000000,4434999.345999999903142,21,0,1508.189941,4844.569824,9.6047401,-0.157801,0.178641,-0.336442,176.1569977,35529.30078,26854.40039
22,H13,12161220.000000000000000,4434999.345999999903142,22,5,1508.189941,4844.569824,9.6047401,-0.157801,0.178641,-0.336442,176.1569977,35529.30078,26854.40039
23,H13,12161220.000000000000000,4434999.345999999903142,23,5,1508.189941,4844.569824,9.6047401,-0.157801,0.178641,-0.336442,176.1569977,35529.30078,26854.40039
24,H13,12161220.000000000000000,4434999.345999999903142,24,5,1508.189941,4844.569824,9.6047401,-0.157801,0.178641,-0.336442,176.1569977,35529.30078,26854.40039
25,H13,12161220.000000000000000,4434999.345999999903142,25,5,1508.189941,4844.569824,9.6047401,-0.157801,0.178641,-0.336442,176.1569977,35529.30078,26854.40039
26,H13,12161220.000000000000000,4434999.345999999903142,26,5,1508.189941,4844.569824,9.6047401,-0.157801,0.178641,-0.336442,176.1569977,35529.30078,26854.40039
27,H13,12161220.000000000000000,4434999.345999999903142,27,5,1508.189941,4844.569824,9.6047401,-0.157801,0.178641,-0.336442,176.1569977,35529.30078,26854.40039
28,H13,12161220.000000000000000,4434999.345999999903142,28,5,1508.189941,4844.569824,9.6047401,-0.157801,0.178641,-0.336442,176.1569977,35529.30078,26854.40039
29,H13,12161220.000000000000000,4434999.345999999903142,29,5,1508.189941,4844.569824,9.6047401,-0.157801,0.178641,-0.336442,176.1569977,35529.30078,26854.40039
30,H13,12161220.000000000000000,4434999.345999999903142,30,5,1508.189941,4844.569824,9.6047401,-0.157801,0.178641,-0.336442,176.1569977,35529.30078,26854.40039
31,H13,12161220.000000000000000,4434999.345999999903142,31,5,1508.189941,4844.569824,9.6047401,-0.157801,0.178641,-0.336442,176.1569977,35529.30078,26854.40039
32,H13,12161220.000000000000000,4434999.345999999903142,32,5,1508.189941,4844.569824,9.6047401,-0.157801,0.178641,-0.336442,176.1569977,35529.30078,26854.40039
33,H13,12161220.000000000000000,4434999.345999999903142,33,5,1508.189941,4844.569824,9.6047401,-0.157801,0.178641,-0.336442,176.1569977,35529.30078,26854.40039
34,H13,12161220.000000000000000,4434999.345999999903142,34,5,1508.189941,4844.569824,9.6047401,-0.157801,0.178641,-0.336442,176.1569977,35529.30078,26854.40039
35,H13,12161220.000000000000000,4434999.345999999903142,35,5,1508.189941,4844.569824,9.6047401,-0.157801,0.178641,-0.336442,176.1569977,35529.30078,26854.40039
36,H13,12161220.000000000000000,4434999.345999999903142,36,5,1508.189941,4844.569824,9.6047401,-0.157801,0.178641,-0.336442,176.1569977,35529.30078,26854.40039
37,H13,12161220.000000000000000,4434999.345999999903142,37,5,1508.189941,4844.569824,9.6047401,-0.157801,0.178641,-0.336442,176.1569977,35529.30078,26854.40039
38,H13,12161220.000000000000000,4434999.345999999903142,38,5,1508.189941,4844.569824,9.6047401,-0.157801,0.178641,-0.336442,176.1569977,35529.30078,26854.40039
39,H13,12161220.000000000000000,4434999.345999999903142,39,5,1508.189941,4844.569824,9.6047401,-0.157801,0.178641,-0.336442,176.1569977,35529.30078,26854.40039
40,H13,12161220.000000000000000,4434999.345999999903142,40,5,1508.189941,4844.569824,9.6047401,-0.157801,0.178641,-0.336442,176.1569977,35529.30078,26854.40039
41,H13,12161220.000000000000000,4434999.345999999903142,41,5,1508.189941,4844.569824,9.6047401,-0.157801,0.178641,-0.336442,176.1569977,35529.30078,26854.40039
42,H13,12161220.000000000000000,4434999.345999999903142,42,5,1508.189941,4844.569824,9.6047401,-0.157801,0.178641,-0.336442,176.1569977,35529.30078,26854.40039
43,H13,12161220.000000000000000,4434999.345999999903142,43,5,1508.189941,4844.569824,9.6047401,-0.157801,0.178641,-0.336442,176.1569977,35529.30078,26854.40039
44,H13,12161220.000000000000000,4434999.345999999903142,44,5,1508.189941,4844.569824,9.6047401,-0.157801,0.178641,-0.336442,176.1569977,35529.30078,26854.40039
45,H13,12161220.000000000000000,4434999.345999999903142,45,5,1508.189941,4844.569824,9.6047401,-0.157801,0.178641,-0.336442,176.1569977,35529.30078,26854.40039
46,H13,12161220.000000000000000,4434999.345999999903142,46,5,1508.189941,4844.569824,9.6047401,-0.157801,0.178641,-0.336442,176.1569977,35529.30078,26854.40039
47,H13,12161220.000000000000000,4434999.345999999903142,47,5,1508.189941,4844.569824,9.6047401,-0.157801,0.178641,-0.336442,176.1569977,35529.30078,26854.40039
48,H13,12161220.000000000000000,4434999.345999999903142,48,5,1508.189941,4844.569824,9.6047401,-0.157801,0.178641,-0.336442,176.1569977,35529.30078,26854.40039
49,H13,12161220.000000000000000,4434999.345999999903142,49,5,1508.189941,4844.569824,9.6047401,-0.157801,0.178641,-0.336442,176.1569977,35529.30078,26854.40039
50,H13,12161220.000000000000000,4434999.345999999903142,50,5,1508.189941,4844.569824,9.6047401,-0.157801,0.178641,-0.336442,176.1569977,35529.30078,26854.40039
51,H13,12161220.000000000000000,4434999.345999999903142,51,5,1508.189941,4844.569824,9.6047401,-0.157801,0.178641,-0.336442,176.1569977,35529.30078,26854.40039
52,H13,12161220.000000000000000,4434999.345999999903142,52,5,1508.189941,4844.569824,9.6047401,-0.157801,0.178641,-0.336442,176.1569977,35529.30078,26854.40039
53,H13,12161220.000000000000000,4434999.345999999903142,53,5,1508.189941,4844.569824,9.6047401,-0.157801,0.178641,-0.336442,176.1569977,35529.30078,26854.40039
54,H13,12161220.000000000000000,4434999.345999999903142,54,5,1508.189941,4844.569824,9.6047401,-0.157801,0.178641,-0.336442,176.1569977,35529.30078,26854.40039
55,H13,12161220.000000000000000,4434999.345999999903142,55,3,1508.189941,4844.569824,9.6047401,-0.157801,0.178641,-0.336442,176.1569977,35529.30078,26854.40039
56,H13,12161220.000000000000000,4434999.345999999903142,56,3,1508.189941,4844.569824,9.6047401,-0.157801,0.178641,-0.336442,176.1569977,35529.30078,26854.40039
57,H13,12161220.000000000000000,4434999.345999999903142,57,3,1508.189941,4844.569824,9.6047401,-0.157801,0.178641,-0.336442,176.1569977,35529.30078,26854.40039
58,H13,12161220.000000000000000,4434999.345999999903142,58,3,1508.189941,4844.569824,9.6047401,-0.157801,0.178641,-0.336442,176.1569977,35529.30078,26854.40039
59,H13,12161220.000000000000000,4434999.345999999903142,59,3,1508.189941,4844.569824,9.6047401,-0.157801,0.178641,-0.336442,176.1569977,35529.30078,26854.40039
60,H13,12161220.000000000000000,4434999.345999999903142,60,3,1508.189941,4844.569824,9.6047401,-0.157801,0.178641,-0.336442,176.1569977,35529.30078,26854.40039
61,H13,12161220.000000000000000,4434999.345999999903142,61,3,1508.189941,4844.569824,9.6047401,-0.157801,0.178641,-0.336442,176.1569977,35529.30078,26854.40039
62,H13,12161220.000000000000000,4434999.345999999903142,62,3,1508.189941,4844.569824,9.6047401,-0.157801,0.178641,-0.336442,176.1569977,35529.30078,26854.40039
63,H13,12161220.000000000000000,4434999.345999999903142,63,3,1508.189941,4844.569824,9.6047401,-0.157801,0.178641,-0.336442,176.1569977,35529.30078,26854.40039
64,H13,12161220.000000000000000,4434999.345999999903142,64,3,1508.189941,4844.569824,9.6047401,-0.157801,0.178641,-0.336442,176.1569977,35529.30078,26854.40039
65,H13,12161220.000000000000000,4434999.345999999903142,65,3,1508.189941,4844.569824,9.6047401,-0.157801,0.178641,-0.336442,176.1569977,35529.30078,26854.40039
66,H13,12161220.000000000000000,4434999.345999999903142,66,3,1508.189941,4844.569824,9.6047401,-0.157801,0.178641,-0.336442,176.1569977,35529.30078,26854.40039
67,H13,12161220.000000000000000,4434999.345999999903142,67,3,1508.189941,4844.569824,9.6047401,-0.157801,0.178641,-0.336442,176.1569977,35529.30078,26854.40039
68,H13,12161220.000000000000000,4434999.345999999903142,68,3,1508.189941,4844.569824,9.6047401,-0.157801,0.178641,-0.336442,176.1569977,35529.30078,26854.40039
69,H13,12161220.000000000000000,4434999.345999999903142,69,3,1508.189941,4844.569824,9.6047401,-0.157801,0.178641,-0.336442,176.1569977,35529.30078,26854.40039
70,H13,12161220.000000000000000,4434999.345999999903142,70,3,1508.189941,4844.569824,9.6047401,-0.157801,0.178641,-0.336442,176.1569977,35529.30078,26854.40039
71,H13,12161220.000000000000000,4434999.345999999903142,71,3,1508.189941,4844.569824,9.6047401,-0.157801,0.178641,-0.336442,176.1569977,35529.30078,26854.40039
72,H13,12161220.000000000000000,4434999.345999999903142,72,5,1508.189941,4844.569824,9.6047401,-0.157801,0.178641,-0.336442,176.1569977,35529.30078,26854.40039
73,H13,12161220.000000000000000,4434999.345999999903142,73,5,1508.189941,4844.569824,9.6047401,-0.157801,0.178641,-0.336442,176.1569977,35529.30078,26854.40039
74,H13,12161220.000000000000000,4434999.345999999903142,74,5,1508.189941,4844.569824,9.6047401,-0.157801,0.178641,-0.336442,176.1569977,35529.30078,26854.40039
75,H13,12161220.000000000000000,4434999.345999999903142,75,5,1508.189941,4844.569824,9.6047401,-0.157801,0.178641,-0.336442,176.1569977,35529.30078,26854.40039
76,H13,12161220.000000000000000,4434999.345999999903142,76,5,1508.189941,4844.569824,9.6047401,-0.157801,0.178641,-0.336442,176.1569977,35529.30078,26854.40039
77,H13,12161220.000000000000000,4434999.345999999903142,77,5,1508.189941,4844.569824,9.6047401,-0.157801,0.178641,-0.336442,176.1569977,35529.30078,26854.40039
78,H13,12161220.000000000000000,4434999.345999999903142,78,5,1508.189941,4844.569824,9.6047401,-0.157801,0.178641,-0.336442,176.1569977,35529.30078,26854.40039
79,H13,12161220.000000000000000,4434999.345999999903142,79,5,1508.189941,4844.569824,9.6047401,-0.157801,0.178641,-0.336442,176.1569977,35529.30078,26854.40039
80,H13,12161220.000000000000000,4434999.345999999903142,80,5,1508.189941,4844.569824,9.6047401,-0.157801,0.178641,-0.336442,176.1569977,35529.30078,26854.40039
81,H13,12161220.000000000000000,4434999.345999999903142,81,5,1508.189941,4844.569824,9.6047401,-0.157801,0.178641,-0.336442,176.1569977,35529.30078,26854.40039
82,H13,12161220.000000000000000,4434999.345999999903142,82,5,1508.189941,4844.569824,9.6047401,-0.157801,0.178641,-0.336442,176.1569977,35529.30078,26854.40039
83,H13,12161220.000000000000000,4434999.345999999903142,83,5,1508.189941,4844.569824,9.6047401,-0.157801,0.178641,-0.336442,176.1569977,35529.30078,26854.40039
84,H13,12161220.000000000000000,4434999.345999999903142,84,5,1508.189941,4844.569824,9.6047401,-0.157801,0.178641,-0.336442,176.1569977,35529.30078,26854.40039
85,H13,12161220.000000000000000,4434999.345999999903142,85,5,1508.189941,4844.569824,9.6047401,-0.157801,0.178641,-0.336442,176.1569977,35529.30078,26854.40039
86,H13,12161220.000000000000000,4434999.345999999903142,86,5,1508.189941,4844.569824,9.6047401,-0.157801,0.178641,-0.336442,176.1569977,35529.30078,26854.40039
87,H13,12161220.000000000000000,4434999.345999999903142,87,5,1508.189941,4844.569824,9.6047401,-0.157801,0.178641,-0.336442,176.1569977,35529.30078,26854.40039
88,H13,12161220.000000000000000,4434999.345999999903142,88,5,1508.189941,4844.569824,9.6047401,-0.157801,0.178641,-0.336442,176.1569977,35529.30078,26854.40039
89,H13,12161220.000000000000000,4434999.345999999903142,89,5,1508.189941,4844.569824,9.6047401,-0.157801,0.178641,-0.336442,176.1569977,35529.30078,26854.40039
90,H13,12161220.000000000000000,4434999.345999999903142,90,5,1508.189941,4844.569824,9.6047401,-0.157801,0.178641,-0.336442,176.1569977,35529.30078,26854.40039
91,H13,12161220.000000000000000,4434999.345999999903142,91,5,1508.189941,4844.569824,9.6047401,-0.157801,0.178641,-0.336442,176.1569977,35529.30078,26854.40039
92,H13,12161220.000000000000000,4434999.345999999903142,92,5,1508.189941,4844.569824,9.6047401,-0.157801,0.178641,-0.336442,176.1569977,35529.30078,26854.40039
93,H13,12161220.000000000000000,4434999.345999999903142,93,5,1508.189941,4844.569824,9.6047401,-0.157801,0.178641,-0.336442,176.1569977,35529.30078,26854.40039
94,H13,12161220.000000000000000,4434999.345999999903142,94,5,1508.189941,4844.569824,9.6047401,-0.157801,0.178641,-0.336442,176.1569977,35529.30078,26854.40039
95,H13,12161220.000000000000000,4434999.345999999903142,95,5,1508.189941,4844.569824,9.6047401,-0.157801,0.178641,-0.336442,176.1569977,35529.30078,26854.40039
96,H13,12161220.000000000000000,4434999.345999999903142,96,5,1508.189941,4844.569824,9.6047401,-0.157801,0.178641,-0.336442,176.1569977,35529.30078,26854.40039
97,H13,12161220.000000000000000,4434999.345999999903142,97,5,1508.189941,4844.569824,9.6047401,-0.157801,0.178641,-0.336442,176.1569977,35529.30078,26854.40039
98,H13,12161220.000000000000000,4434999.345999999903142,98,5,1508.189941,4844.569824,9.6047401,-0.157801,0.178641,-0.336442,176.1569977,35529.30078,26854.40039
99,H13,12161220.000000000000000,4434999.345999999903142,99,5,1508.189941,4844.569824,9.6047401,-0.157801,0.178641,-0.336442,176.1569977,35529.30078,26854.40039
100,H13,12161220.000000000000000,4434999.345999999903142,100,5,1508.189941,4844.569824,9.6047401,-0.157801,0.178641,-0.336442,176.1569977,35529.30078,26854.40039
101,H13,12161220.000000000000000,4434999.345999999903142,101,5,1508.189941,4844.569824,9.6047401,-0.157801,0.178641,-0.336442,176.1569977,35529.30078,26854.40039
102,H13,12161220.000000000000000,4434999.345999999903142,102,5,1508.189941,4844.569824,9.6047401,-0.157801,0.178641,-0.336442,176.1569977,35529.30078,26854.40039
103,H13,12161220.000000000000000,4434999.345999999903142,103,5,1508.189941,4844.569824,9.6047401,-0.157801,0.178641,-0.336442,176.1569977,35529.30078,26854.40039
104,H13,12161220.000000000000000,4434999.345999999903142,104,5,1508.189941,4844.569824,9.6047401,-0.157801,0.178641,-0.336442,176.1569977,35529.30078,26854.40039
105,H13,12161220.000000000000000,4434999.345999999903142,105,5,1508.189941,4844.569824,9.6047401,-0.157801,0.178641,-0.336442,176.1569977,35529.30078,26854.40039
106,H13,12161220.000000000000000,4434999.345999999903142,106,5,1508.189941,4844.569824,9.6047401,-0.157801,0.178641,-0.336442,176.1569977,35529.30078,26854.40039
107,H13,12161220.000000000000000,4434999.345999999903142,107,5,1508.189941,4844.569824,9.6047401,-0.157801,0.178641,-0.336442,176.1569977,35529.30078,26854.40039
108,H13,12161220.000000000000000,4434999.345999999903142,108,5,1508.189941,4844.569824,9.6047401,-0.157801,0.178641,-0.336442,176.1569977,35529.30078,26854.40039
109,H13,12161220.000000000000000,4434999.345999999903142,109,5,1508.189941,4844.569824,9.6047401,-0.157801,0.178641,-0.336442,176.1569977,35529.30078,26854.40039
110,H13,12161220.000000000000000,4434999.345999999903142,110,5,1508.189941,4844.569824,9.6047401,-0.157801,0.178641,-0.336442,176.1569977,35529.30078,26854.40039
111,H13,12161220.000000000000000,4434999.345999999903142,111,5,1508.189941,4844.569824,9.6047401,-0.157801,0.178641,-0.336442,176.1569977,35529.30078,26854.40039
112,H13,12161220.000000000000000,4434999.345999999903142,112,5,1508.189941,4844.569824,9.6047401,-0.157801,0.178641,-0.336442,176.1569977,35529.30078,26854.40039
113,H13,12161220.000000000000000,4434999.345999999903142,113,5,1508.189941,4844.569824,9.6047401,-0.157801,0.178641,-0.336442,176.1569977,35529.30078,26854.40039
114,H13,12161220.000000000000000,4434999.345999999903142,114,5,1508.189941,4844.569824,9.6047401,-0.157801,0.178641,-0.336442,176.1569977,35529.30078,26854.40039
115,H13,12161220.000000000000000,4434999.345999999903142,115,5,1508.189941,4844.569824,9.6047401,-0.157801,0.178641,-0.336442,176.1569977,35529.30078,26854.40039
116,H13,12161220.000000000000000,4434999.345999999903142,116,5,1508.189941,4844.569824,9.6047401,-0.157801,0.178641,-0.336442,176.1569977,35529.30078,26854.40039
117,H13,12161220.000000000000000,4434999.345999999903142,117,5,1508.189941,4844.569824,9.6047401,-0.157801,0.178641,-0.336442,176.1569977,35529.30078,26854.40039
118,H13,12161220.000000000000000,4434999.345999999903142,118,5,1508.189941,4844.569824,9.6047401,-0.157801,0.178641,-0.336442,176.1569977,35529.30078,26854.40039
119,H13,12161220.000000000000000,4434999.345999999903142,119,5,1508.189941,4844.569824,9.6047401,-0.157801,0.178641,-0.336442,176.1569977,35529.30078,26854.40039
120,H13,12161220.000000000000000,4434999.345999999903142,120,5,1508.189941,4844.569824,9.6047401,-0.157801,0.178641,-0.336442,176.1569977,35529.30078,26854.40039
121,H13,12161220.000000000000000,4434999.345999999903142,121,5,1508.189941,4844.569824,9.6047401,-0.157801,0.178641,-0.336442,176.1569977,35529.30078,26854.40039
122,H13,12161220.000000000000000,4434999.345999999903142,122,5,1508.189941,4844.569824,9.6047401,-0.157801,0.178641,-0.336442,176.1569977,35529.30078,26854.40039
123,H13,12161220.000000000000000,4434999.345999999903142,123,5,1508.189941,4844.569824,9.6047401,-0.157801,0.178641,-0.336442,176.1569977,35529.30078,26854.40039
124,H13,12161220.000000000000000,4434999.345999999903142,124,4,1508.189941,4844.569824,9.6047401,-0.157801,0.178641,-0.336442,176.1569977,35529.30078,26854.40039
125,H13,12161220.000000000000000,4434999.345999999903142,125,4,1508.189941,4844.569824,9.6047401,-0.157801,0.178641,-0.336442,176.1569977,35529.30078,26854.40039
126,H13,12161220.000000000000000,4434999.345999999903142,126,4,1508.189941,4844.569824,9.6047401,-0.157801,0.178641,-0.336442,176.1569977,35529.30078,26854.40039
127,H13,12161220.000000000000000,4434999.345999999903142,127,4,1508.189941,4844.569824,9.6047401,-0.157801,0.178641,-0.336442,176.1569977,35529.30078,26854.40039
128,H13,12161220.000000000000000,4434999.345999999903142,128,4,1508.189941,4844.569824,9.6047401,-0.157801,0.178641,-0.336442,176.1569977,35529.30078,26854.40039
129,H13,12161220.000000000000000,4434999.345999999903142,129,4,1508.189941,4844.569824,9.6047401,-0.157801,0.178641,-0.336442,176.1569977,35529.30078,26854.40039
130,H13,12161220.000000000000000,4434999.345999999903142,130,4,1508.189941,4844.569824,9.6047401,-0.157801,0.178641,-0.336442,176.1569977,35529.30078,26854.40039
131,H13,12161220.000000000000000,4434999.345999999903142,131,4,1508.189941,4844.569824,9.6047401,-0.157801,0.178641,-0.336442,176.1569977,35529.30078,26854.40039
132,H13,12161220.000000000000000,4434999.345999999903142,132,4,1508.189941,4844.569824,9.6047401,-0.157801,0.178641,-0.336442,176.1569977,35529.30078,26854.40039
133,H13,12161220.000000000000000,4434999.345999999903142,133,4,1508.189941,4844.569824,9.6047401,-0.157801,0.178641,-0.336442,176.1569977,35529.30078,26854.40039
134,H13,12161220.000000000000000,4434999.345999999903142,134,4,1508.189941,4844.569824,9.6047401,-0.157801,0.178641,-0.336442,176.1569977,35529.30078,26854.40039
135,H13,12161220.000000000000000,4434999.345999999903142,135,4,1508.189941,4844.569824,9.6047401,-0.157801,0.178641,-0.336442,176.1569977,35529.30078,26854.40039
136,H13,12161220.000000000000000,4434999.345999999903142,136,4,1508.189941,4844.569824,9.6047401,-0.157801,0.178641,-0.336442,176.1569977,35529.30078,26854.40039
137,H13,12161220.000000000000000,4434999.345999999903142,137,4,1508.189941,4844.569824,9.6047401,-0.157801,0.178641,-0.336442,176.1569977,35529.30078,26854.40039
138,H13,12161220.000000000000000,4434999.345999999903142,138,4,1508.189941,4844.569824,9.6047401,-0.157801,0.178641,-0.336442,176.1569977,35529.30078,26854.40039
139,H13,12161220.000000000000000,4434999.345999999903142,139,4,1508.189941,4844.569824,9.6047401,-0.157801,0.178641,-0.336442,176.1569977,35529.30078,26854.40039
140,H13,12161220.000000000000000,4434999.345999999903142,140,4,1508.189941,4844.569824,9.6047401,-0.157801,0.178641,-0.336442,176.1569977,35529.30078,26854.40039
141,H13,12161220.000000000000000,4434999.345999999903142,141,4,1508.189941,4844.569824,9.6047401,-0.157801,0.178641,-0.336442,176.1569977,35529.30078,26854.40039
142,H13,12161220.000000000000000,4434999.345999999903142,142,4,1508.189941,4844.569824,9.6047401,-0.157801,0.178641,-0.336442,176.1569977,35529.30078,26854.40039
143,H13,12161220.000000000000000,4434999.345999999903142,143,4,1508.189941,4844.569824,9.6047401,-0.157801,0.178641,-0.336442,176.1569977,35529.30078,26854.40039
144,H13,12161220.000000000000000,4434999.345999999903142,144,4,1508.189941,4844.569824,9.6047401,-0.157801,0.178641,-0.336442,176.1569977,35529.30078,26854.40039
145,H13,12161220.000000000000000,4434999.345999999903142,145,4,1508.189941,4844.569824,9.6047401,-0.157801,0.178641,-0.336442,176.1569977,35529.30078,26854.40039
146,H13,12161220.000000000000000,4434999.345999999903142,146,4,1508.189941,4844.569824,9.6047401,-0.157801,0.178641,-0.336442,176.1569977,35529.30078,26854.40039
147,H13,12161220.000000000000000,4434999.345999999903142,147,4,1508.189941,4844.569824,9.6047401,-0.157801,0.178641,-0.336442,176.1569977,35529.30078,26854.40039
148,H13,12161220.000000000000000,4434999.345999999903142,148,4,1508.189941,4844.569824,9.6047401,-0.157801,0.178641,-0.336442,176.1569977,35529.30078,26854.40039
149,H13,12161220.000000000000000,4434999.345999999903142,149,5,1508.189941,4844.569824,9.6047401,-0.157801,0.178641,-0.336442,176.1569977,35529.30078,26854.40039
150,H13,12161220.000000000000000,4434999.345999999903142,150,5,1508.189941,4844.569824,9.6047401,-0.157801,0.178641,-0.336442,176.1569977,35529.30078,26854.40039
151,H13,12161220.000000000000000,4434999.345999999903142,151,5,1508.189941,4844.569824,9.6047401,-0.157801,0.178641,-0.336442,176.1569977,35529.30078,26854.40039
152,H13,12161220.000000000000000,4434999.345999999903142,152,5,1508.189941,4844.569824,9.6047401,-0.157801,0.178641,-0.336442,176.1569977,35529.30078,26854.40039
153,H13,12161220.000000000000000,4434999.345999999903142,153,5,1508.189941,4844.569824,9.6047401,-0.157801,0.178641,-0.336442,176.1569977,35529.30078,26854.40039
154,H13,12161220.000000000000000,4434999.345999999903142,154,5,1508.189941,4844.569824,9.6047401,-0.157801,0.178641,-0.336442,176.1569977,35529.30078,26854.40039
155,H13,12161220.000000000000000,4434999.345999999903142,155,5,1508.189941,4844.569824,9.6047401,-0.157801,0.178641,-0.336442,176.1569977,35529.30078,26854.40039
156,H13,12161220.000000000000000,4434999.345999999903142,156,5,1508.189941,4844.569824,9.6047401,-0.157801,0.178641,-0.336442,176.1569977,35529.30078,26854.40039
157,H13,12161220.000000000000000,4434999.345999999903142,157,5,1508.189941,4844.569824,9.6047401,-0.157801,0.178641,-0.336442,176.1569977,35529.30078,26854.40039
158,H13,12161220.000000000000000,4434999.345999999903142,158,5,1508.189941,4844.569824,9.6047401,-0.157801,0.178641,-0.336442,176.1569977,35529.30078,26854.40039
159,H13,12161220.000000000000000,4434999.345999999903142,159,5,1508.189941,4844.569824,9.6047401,-0.157801,0.178641,-0.336442,176.1569977,35529.30078,26854.40039
160,H13,12161220.000000000000000,4434999.345999999903142,160,5,1508.189941,4844.569824,9.6047401,-0.157801,0.178641,-0.336442,176.1569977,35529.30078,26854.40039
161,H13,12161220.000000000000000,4434999.345999999903142,161,5,1508.189941,4844.569824,9.6047401,-0.157801,0.178641,-0.336442,176.1569977,35529.30078,26854.40039
162,H13,12161220.000000000000000,4434999.345999999903142,162,5,1508.189941,4844.569824,9.6047401,-0.157801,0.178641,-0.336442,176.1569977,35529.30078,26854.40039
163,H13,12161220.000000000000000,4434999.345999999903142,163,5,1508.189941,4844.569824,9.6047401,-0.157801,0.178641,-0.336442,176.1569977,35529.30078,26854.40039
164,H13,12161220.000000000000000,4434999.345999999903142,164,5,1508.189941,4844.569824,9.6047401,-0.157801,0.178641,-0.336442,176.1569977,35529.30078,26854.40039
165,H13,12161220.000000000000000,4434999.345999999903142,165,5,1508.189941,4844.569824,9.6047401,-0.157801,0.178641,-0.336442,176.1569977,35529.30078,26854.40039
166,H13,12161220.000000000000000,4434999.345999999903142,166,5,1508.189941,4844.569824,9.6047401,-0.157801,0.178641,-0.336442,176.1569977,35529.30078,26854.40039
167,H13,12161220.000000000000000,4434999.345999999903142,167,5,1508.189941,4844.569824,9.6047401,-0.157801,0.178641,-0.336442,176.1569977,35529.30078,26854.40039
168,H13,12161220.000000000000000,4434999.345999999903142,168,5,1508.189941,4844.569824,9.6047401,-0.157801,0.178641,-0.336442,176.1569977,35529.30078,26854.40039
169,H13,12161220.000000000000000,4434999.345999999903142,169,5,1508.189941,4844.569824,9.6047401,-0.157801,0.178641,-0.336442,176.1569977,35529.30078,26854.40039
170,H13,12161220.000000000000000,4434999.345999999903142,170,5,1508.189941,4844.569824,9.6047401,-0.157801,0.178641,-0.336442,176.1569977,35529.30078,26854.40039
171,H13,12161220.000000000000000,4434999.345999999903142,171,5,1508.189941,4844.569824,9.6047401,-0.157801,0.178641,-0.336442,176.1569977,35529.30078,26854.40039
172,H13,12161220.000000000000000,4434999.345999999903142,172,5,1508.189941,4844.569824,9.6047401,-0.157801,0.178641,-0.336442,176.1569977,35529.30078,26854.40039
173,H13,12161220.000000000000000,4434999.345999999903142,173,5,1508.189941,4844.569824,9.6047401,-0.157801,0.178641,-0.336442,176.1569977,35529.30078,26854.40039
174,H13,12161220.000000000000000,4434999.345999999903142,174,5,1508.189941,4844.569824,9.6047401,-0.157801,0.178641,-0.336442,176.1569977,35529.30078,26854.40039
175,H13,12161220.000000000000000,4434999.345999999903142,175,5,1508.189941,4844.569824,9.6047401,-0.157801,0.178641,-0.336442,176.1569977,35529.30078,26854.40039
176,H13,12161220.000000000000000,4434999.345999999903142,176,5,1508.189941,4844.569824,9.6047401,-0.157801,0.178641,-0.336442,176.1569977,35529.30078,26854.40039
177,H13,12161220.000000000000000,4434999.345999999903142,177,4,1508.189941,4844.569824,9.6047401,-0.157801,0.178641,-0.336442,176.1569977,35529.30078,26854.40039
178,H13,12161220.000000000000000,4434999.345999999903142,178,4,1508.189941,4844.569824,9.6047401,-0.157801,0.178641,-0.336442,176.1569977,35529.30078,26854.40039
179,H13,12161220.000000000000000,4434999.345999999903142,179,4,1508.189941,4844.569824,9.6047401,-0.157801,0.178641,-0.336442,176.1569977,35529.30078,26854.40039
180,H13,12161220.000000000000000,4434999.345999999903142,180,4,1508.189941,4844.569824,9.6047401,-0.157801,0.178641,-0.336442,176.1569977,35529.30078,26854.40039
181,H13,12161220.000000000000000,4434999.345999999903142,181,4,1508.189941,4844.569824,9.6047401,-0.157801,0.178641,-0.336442,176.1569977,35529.30078,26854.40039
182,H13,12161220.000000000000000,4434999.345999999903142,182,4,1508.189941,4844.569824,9.6047401,-0.157801,0.178641,-0.336442,176.1569977,35529.30078,26854.40039
183,H13,12161220.000000000000000,4434999.345999999903142,183,4,1508.189941,4844.569824,9.6047401,-0.157801,0.178641,-0.336442,176.1569977,35529.30078,26854.40039
184,H13,12161220.000000000000000,4434999.345999999903142,184,4,1508.189941,4844.569824,9.6047401,-0.157801,0.178641,-0.336442,176.1569977,35529.30078,26854.40039
185,H13,12161220.000000000000000,4434999.345999999903142,185,4,1508.189941,4844.569824,9.6047401,-0.157801,0.178641,-0.336442,176.1569977,35529.30078,26854.40039
186,H13,12161220.000000000000000,4434999.345999999903142,186,4,1508.189941,4844.569824,9.6047401,-0.157801,0.178641,-0.336442,176.1569977,35529.30078,26854.40039
187,H13,12161220.000000000000000,4434999.345999999903142,187,4,1508.189941,4844.569824,9.6047401,-0.157801,0.178641,-0.336442,176.1569977,35529.30078,26854.40039
188,H13,12161220.000000000000000,4434999.345999999903142,188,4,1508.189941,4844.569824,9.6047401,-0.157801,0.178641,-0.336442,176.1569977,35529.30078,26854.40039
189,H13,12161220.000000000000000,4434999.345999999903142,189,4,1508.189941,4844.569824,9.6047401,-0.157801,0.178641,-0.336442,176.1569977,35529.30078,26854.40039
190,H13,12161220.000000000000000,4434999.345999999903142,190,4,1508.189941,4844.569824,9.6047401,-0.157801,0.178641,-0.336442,176.1569977,35529.30078,26854.40039
191,H13,12161220.000000000000000,4434999.345999999903142,191,4,1508.189941,4844.569824,9.6047401,-0.157801,0.178641,-0.336442,176.1569977,35529.30078,26854.40039
192,H13,12161220.000000000000000,4434999.345999999903142,192,4,1508.189941,4844.569824,9.6047401,-0.157801,0.178641,-0.336442,176.1569977,35529.30078,26854.40039
193,H13,12161220.000000000000000,4434999.345999999903142,193,5,1508.189941,4844.569824,9.6047401,-0.157801,0.178641,-0.336442,176.1569977,35529.30078,26854.40039
194,H13,12161220.000000000000000,4434999.345999999903142,194,5,1508.189941,4844.569824,9.6047401,-0.157801,0.178641,-0.336442,176.1569977,35529.30078,26854.40039
195,H13,12161220.000000000000000,4434999.345999999903142,195,5,1508.189941,4844.569824,9.6047401,-0.157801,0.178641,-0.336442,176.1569977,35529.30078,26854.40039
196,H13,12161220.000000000000000,4434999.345999999903142,196,5,1508.189941,4844.569824,9.6047401,-0.157801,0.178641,-0.336442,176.1569977,35529.30078,26854.40039
197,H13,12161220.000000000000000,4434999.345999999903142,197,5,1508.189941,4844.569824,9.6047401,-0.157801,0.178641,-0.336442,176.1569977,35529.30078,26854.40039
198,H13,12161220.000000000000000,4434999.345999999903142,198,5,1508.189941,4844.569824,9.6047401,-0.157801,0.178641,-0.336442,176.1569977,35529.30078,26854.40039
199,H13,12161220.000000000000000,4434999.345999999903142,199,5,1508.189941,4844.569824,9.6047401,-0.157801,0.178641,-0.336442,176.1569977,35529.30078,26854.40039
200,H13,12161220.000000000000000,4434999.345999999903142,200,5,1508.189941,4844.569824,9.6047401,-0.157801,0.178641,-0.336442,176.1569977,35529.30078,26854.40039
201,H13,12161220.000000000000000,4434999.345999999903142,201,5,1508.189941,4844.569824,9.6047401,-0.157801,0.178641,-0.336442,176.1569977,35529.30078,26854.40039
202,H13,12161220.000000000000000,4434999.345999999903142,202,5,1508.189941,4844.569824,9.6047401,-0.157801,0.178641,-0.336442,176.1569977,35529.30078,26854.40039
203,H13,12161220.000000000000000,4434999.345999999903142,203,5,1508.189941,4844.569824,9.6047401,-0.157801,0.178641,-0.336442,176.1569977,35529.30078,26854.40039
204,H13,12161220.000000000000000,4434999.345999999903142,204,5,1508.189941,4844.569824,9.6047401,-0.157801,0.178641,-0.336442,176.1569977,35529.30078,26854.40039
205,H13,12161220.000000000000000,4434999.345999999903142,205,5,1508.189941,4844.569824,9.6047401,-0.157801,0.178641,-0.336442,176.1569977,35529.30078,26854.40039
206,H13,12161220.000000000000000,4434999.345999999903142,206,5,1508.189941,4844.569824,9.6047401,-0.157801,0.178641,-0.336442,176.1569977,35529.30078,26854.40039
207,H13,12161220.000000000000000,4434999.345999999903142,207,5,1508.189941,4844.569824,9.6047401,-0.157801,0.178641,-0.336442,176.1569977,35529.30078,26854.40039
208,H13,12161220.000000000000000,4434999.345999999903142,208,5,1508.189941,4844.569824,9.6047401,-0.157801,0.178641,-0.336442,176.1569977,35529.30078,26854.40039
209,H13,12161220.000000000000000,4434999.345999999903142,209,5,1508.189941,4844.569824,9.6047401,-0.157801,0.178641,-0.336442,176.1569977,35529.30078,26854.40039
210,H13,12161220.000000000000000,4434999.345999999903142,210,5,1508.189941,4844.569824,9.6047401,-0.157801,0.178641,-0.336442,176.1569977,35529.30078,26854.40039
211,H13,12161220.000000000000000,4434999.345999999903142,211,5,1508.189941,4844.569824,9.6047401,-0.157801,0.178641,-0.336442,176.1569977,35529.30078,26854.40039
212,H13,12161220.000000000000000,4434999.345999999903142,212,5,1508.189941,4844.569824,9.6047401,-0.157801,0.178641,-0.336442,176.1569977,35529.30078,26854.40039
213,H13,12161220.000000000000000,4434999.345999999903142,213,5,1508.189941,4844.569824,9.6047401,-0.157801,0.178641,-0.336442,176.1569977,35529.30078,26854.40039
214,H13,12161220.000000000000000,4434999.345999999903142,214,5,1508.189941,4844.569824,9.6047401,-0.157801,0.178641,-0.336442,176.1569977,35529.30078,26854.40039
215,H13,12161220.000000000000000,4434999.345999999903142,215,5,1508.189941,4844.569824,9.6047401,-0.157801,0.178641,-0.336442,176.1569977,35529.30078,26854.40039
216,H13,12161220.000000000000000,4434999.345999999903142,216,5,1508.189941,4844.569824,9.6047401,-0.157801,0.178641,-0.336442,176.1569977,35529.30078,26854.40039
217,H13,12161220.000000000000000,4434999.345999999903142,217,5,1508.189941,4844.569824,9.6047401,-0.157801,0.178641,-0.336442,176.1569977,35529.30078,26854.40039
218,H13,12161220.000000000000000,4434999.345999999903142,218,5,1508.189941,4844.569824,9.6047401,-0.157801,0.178641,-0.336442,176.1569977,35529.30078,26854.40039
219,H13,12161220.000000000000000,4434999.345999999903142,219,5,1508.189941,4844.569824,9.6047401,-0.157801,0.178641,-0.336442,176.1569977,35529.30078,26854.40039
220,H13,12161220.000000000000000,4434999.345999999903142,220,5,1508.189941,4844.569824,9.6047401,-0.157801,0.178641,-0.336442,176.1569977,35529.30078,26854.40039
221,H13,12161220.000000000000000,4434999.345999999903142,221,5,1508.189941,4844.569824,9.6047401,-0.157801,0.178641,-0.336442,176.1569977,35529.30078,26854.40039
222,H13,12161220.000000000000000,4434999.345999999903142,222,5,1508.189941,4844.569824,9.6047401,-0.157801,0.178641,-0.336442,176.1569977,35529.30078,26854.40039
223,H13,12161220.000000000000000,4434999.345999999903142,223,5,1508.189941,4844.569824,9.6047401,-0.157801,0.178641,-0.336442,176.1569977,35529.30078,26854.40039
224,H13,12161220.000000000000000,4434999.345999999903142,224,5,1508.189941,4844.569824,9.6047401,-0.157801,0.178641,-0.336442,176.1569977,35529.30078,26854.40039
225,H13,12161220.000000000000000,4434999.345999999903142,225,5,1508.189941,4844.569824,9.6047401,-0.157801,0.178641,-0.336442,176.1569977,35529.30078,26854.40039
226,H13,12161220.000000000000000,4434999.345999999903142,226,5,1508.189941,4844.569824,9.6047401,-0.157801,0.178641,-0.336442,176.1569977,35529.30078,26854.40039
227,H13,12161220.000000000000000,4434999.345999999903142,227,5,1508.189941,4844.569824,9.6047401,-0.157801,0.178641,-0.336442,176.1569977,35529.30078,26854.40039
228,H13,12161220.000000000000000,4434999.345999999903142,228,5,1508.189941,4844.569824,9.6047401,-0.157801,0.178641,-0.336442,176.1569977,35529.30078,26854.40039
229,H13,12161220.000000000000000,4434999.345999999903142,229,5,1508.189941,4844.569824,9.6047401,-0.157801,0.178641,-0.336442,176.1569977,35529.30078,26854.40039
230,H13,12161220.000000000000000,4434999.345999999903142,230,5,1508.189941,4844.569824,9.6047401,-0.157801,0.178641,-0.336442,176.1569977,35529.30078,26854.40039
231,H13,12161220.000000000000000,4434999.345999999903142,231,5,1508.189941,4844.569824,9.6047401,-0.157801,0.178641,-0.336442,176.1569977,35529.30078,26854.40039
232,H13,12161220.000000000000000,4434999.345999999903142,232,5,1508.189941,4844.569824,9.6047401,-0.157801,0.178641,-0.336442,176.1569977,35529.30078,26854.40039
233,H13,12161220.000000000000000,4434999.345999999903142,233,5,1508.189941,4844.569824,9.6047401,-0.157801,0.178641,-0.336442,176.1569977,35529.30078,26854.40039
234,H13,12161220.000000000000000,4434999.345999999903142,234,5,1508.189941,4844.569824,9.6047401,-0.157801,0.178641,-0.336442,176.1569977,35529.30078,26854.40039
235,H13,12161220.000000000000000,4434999.345999999903142,235,5,1508.189941,4844.569824,9.6047401,-0.157801,0.178641,-0.336442,176.1569977,35529.30078,26854.40039
236,H13,12161220.000000000000000,4434999.345999999903142,236,5,1508.189941,4844.569824,9.6047401,-0.157801,0.178641,-0.336442,176.1569977,35529.30078,26854.40039
237,H13,12161220.000000000000000,4434999.345999999903142,237,5,1508.189941,4844.569824,9.6047401,-0.157801,0.178641,-0.336442,176.1569977,35529.30078,26854.40039
238,H13,12161220.000000000000000,4434999.345999999903142,238,5,1508.189941,4844.569824,9.6047401,-0.157801,0.178641,-0.336442,176.1569977,35529.30078,26854.40039
239,H13,12161220.000000000000000,4434999.345999999903142,239,5,1508.189941,4844.569824,9.6047401,-0.157801,0.178641,-0.336442,176.1569977,35529.30078,26854.40039
240,H13,12161220.000000000000000,4434999.345999999903142,240,5,1508.189941,4844.569824,9.6047401,-0.157801,0.178641,-0.336442,176.1569977,35529.30078,26854.40039
241,H13,12161220.000000000000000,4434999.345999999903142,241,5,1508.189941,4844.569824,9.6047401,-0.157801,0.178641,-0.336442,176.1569977,35529.30078,26854.40039
242,H13,12161220.000000000000000,4434999.345999999903142,242,5,1508.189941,4844.569824,9.6047401,-0.157801,0.178641,-0.336442,176.1569977,35529.30078,26854.40039
243,H13,12161220.000000000000000,4434999.345999999903142,243,5,1508.189941,4844.569824,9.6047401,-0.157801,0.178641,-0.336442,176.1569977,35529.30078,26854.40039
244,H13,12161220.000000000000000,4434999.345999999903142,244,5,1508.189941,4844.569824,9.6047401,-0.157801,0.178641,-0.336442,176.1569977,35529.30078,26854.40039
245,H13,12161220.000000000000000,4434999.345999999903142,245,5,1508.189941,4844.569824,9.6047401,-0.157801,0.178641,-0.336442,176.1569977,35529.30078,26854.40039
246,H13,12161220.000000000000000,4434999.345999999903142,246,5,1508.189941,4844.569824,9.6047401,-0.157801,0.178641,-0.336442,176.1569977,35529.30078,26854.40039
247,H13,12161220.000000000000000,4434999.345999999903142,247,5,1508.189941,4844.569824,9.6047401,-0.157801,0.178641,-0.336442,176.1569977,35529.30078,26854.40039
248,H13,12161220.000000000000000,4434999.345999999903142,248,5,1508.189941,4844.569824,9.6047401,-0.157801,0.178641,-0.336442,176.1569977,35529.30078,26854.40039
249,H13,12161220.000000000000000,4434999.345999999903142,249,5,1508.189941,4844.569824,9.6047401,-0.157801,0.178641,-0.336442,176.1569977,35529.30078,26854.40039
250,H13,12161220.000000000000000,4434999.345999999903142,250,5,1508.189941,4844.569824,9.6047401,-0.157801,0.178641,-0.336442,176.1569977,35529.30078,26854.40039
251,H13,12161220.000000000000000,4434999.345999999903142,251,4,1508.189941,4844.569824,9.6047401,-0.157801,0.178641,-0.336442,176.1569977,35529.30078,26854.40039
252,H13,12161220.000000000000000,4434999.345999999903142,252,4,1508.189941,4844.569824,9.6047401,-0.157801,0.178641,-0.336442,176.1569977,35529.30078,26854.40039
253,H13,12161220.000000000000000,4434999.345999999903142,253,4,1508.189941,4844.569824,9.6047401,-0.157801,0.178641,-0.336442,176.1569977,35529.30078,26854.40039
254,H13,12161220.000000000000000,4434999.345999999903142,254,4,1508.189941,4844.569824,9.6047401,-0.157801,0.178641,-0.336442,176.1569977,35529.30078,26854.40039
255,H13,12161220.000000000000000,4434999.345999999903142,255,4,1508.189941,4844.569824,9.6047401,-0.157801,0.178641,-0.336442,176.1569977,35529.30078,26854.40039
256,H13,12161220.000000000000000,4434999.345999999903142,256,4,1508.189941,4844.569824,9.6047401,-0.157801,0.178641,-0.336442,176.1569977,35529.30078,26854.40039
257,H13,12161220.000000000000000,4434999.345999999903142,257,4,1508.189941,4844.569824,9.6047401,-0.157801,0.178641,-0.336442,176.1569977,35529.30078,26854.40039
258,H13,12161220.000000000000000,4434999.345999999903142,258,4,1508.189941,4844.569824,9.6047401,-0.157801,0.178641,-0.336442,176.1569977,35529.30078,26854.40039
259,H13,12161220.000000000000000,4434999.345999999903142,259,4,1508.189941,4844.569824,9.6047401,-0.157801,0.178641,-0.336442,176.1569977,35529.30078,26854.40039
260,H13,12161220.000000000000000,4434999.345999999903142,260,4,1508.189941,4844.569824,9.6047401,-0.157801,0.178641,-0.336442,176.1569977,35529.30078,26854.40039
261,H13,12161220.000000000000000,4434999.345999999903142,261,4,1508.189941,4844.569824,9.6047401,-0.157801,0.178641,-0.336442,176.1569977,35529.30078,26854.40039
262,H13,12161220.000000000000000,4434999.345999999903142,262,4,1508.189941,4844.569824,9.6047401,-0.157801,0.178641,-0.336442,176.1569977,35529.30078,26854.40039
263,H13,12161220.000000000000000,4434999.345999999903142,263,4,1508.189941,4844.569824,9.6047401,-0.157801,0.178641,-0.336442,176.1569977,35529.30078,26854.40039
264,H13,12161220.000000000000000,4434999.345999999903142,264,4,1508.189941,4844.569824,9.6047401,-0.157801,0.178641,-0.336442,176.1569977,35529.30078,26854.40039
265,H13,12161220.000000000000000,4434999.345999999903142,265,4,1508.189941,4844.569824,9.6047401,-0.157801,0.178641,-0.336442,176.1569977,35529.30078,26854.40039
266,H13,12161220.000000000000000,4434999.345999999903142,266,4,1508.189941,4844.569824,9.6047401,-0.157801,0.178641,-0.336442,176.1569977,35529.30078,26854.40039
267,H13,12161220.000000000000000,4434999.345999999903142,267,4,1508.189941,4844.569824,9.6047401,-0.157801,0.178641,-0.336442,176.1569977,35529.30078,26854.40039
268,H13,12161220.000000000000000,4434999.345999999903142,268,4,1508.189941,4844.569824,9.6047401,-0.157801,0.178641,-0.336442,176.1569977,35529.30078,26854.40039
269,H13,12161220.000000000000000,4434999.345999999903142,269,4,1508.189941,4844.569824,9.6047401,-0.157801,0.178641,-0.336442,176.1569977,35529.30078,26854.40039
270,H13,12161220.000000000000000,4434999.345999999903142,270,4,1508.189941,4844.569824,9.6047401,-0.157801,0.178641,-0.336442,176.1569977,35529.30078,26854.40039
271,H13,12161220.000000000000000,4434999.345999999903142,271,4,1508.189941,4844.569824,9.6047401,-0.157801,0.178641,-0.336442,176.1569977,35529.30078,26854.40039
272,H13,12161220.000000000000000,4434999.345999999903142,272,4,1508.189941,4844.569824,9.6047401,-0.157801,0.178641,-0.336442,176.1569977,35529.30078,26854.40039
273,H13,12161220.000000000000000,4434999.345999999903142,273,4,1508.189941,4844.569824,9.6047401,-0.157801,0.178641,-0.336442,176.1569977,35529.30078,26854.40039
274,H13,12161220.000000000000000,4434999.345999999903142,274,4,1508.189941,4844.569824,9.6047401,-0.157801,0.178641,-0.336442,176.1569977,35529.30078,26854.40039
275,H13,12161220.000000000000000,4434999.345999999903142,275,4,1508.189941,4844.569824,9.6047401,-0.157801,0.178641,-0.336442,176.1569977,35529.30078,26854.40039
276,H13,12161220.000000000000000,4434999.345999999903142,276,4,1508.189941,4844.569824,9.6047401,-0.157801,0.178641,-0.336442,176.1569977,35529.30078,26854.40039
277,H13,12161220.000000000000000,4434999.345999999903142,277,4,1508.189941,4844.569824,9.6047401,-0.157801,0.178641,-0.336442,176.1569977,35529.30078,26854.40039
278,H13,12161220.000000000000000,4434999.345999999903142,278,4,1508.189941,4844.569824,9.6047401,-0.157801,0.178641,-0.336442,176.1569977,35529.30078,26854.40039
279,H13,12161220.000000000000000,4434999.345999999903142,279,4,1508.189941,4844.569824,9.6047401,-0.157801,0.178641,-0.336442,176.1569977,35529.30078,26854.40039
280,H13,12161220.000000000000000,4434999.345999999903142,280,4,1508.189941,4844.569824,9.6047401,-0.157801,0.178641,-0.336442,176.1569977,35529.30078,26854.40039
281,H13,12161220.000000000000000,4434999.345999999903142,281,4,1508.189941,4844.569824,9.6047401,-0.157801,0.178641,-0.336442,176.1569977,35529.30078,26854.40039
282,H13,12161220.000000000000000,4434999.345999999903142,282,4,1508.189941,4844.569824,9.6047401,-0.157801,0.178641,-0.336442,176.1569977,35529.30078,26854.40039
283,H13,12161220.000000000000000,4434999.345999999903142,283,4,1508.189941,4844.569824,9.6047401,-0.157801,0.178641,-0.336442,176.1569977,35529.30078,26854.40039
284,H13,12161220.000000000000000,4434999.345999999903142,284,4,1508.189941,4844.569824,9.6047401,-0.157801,0.178641,-0.336442,176.1569977,35529.30078,26854.40039
285,H13,12161220.000000000000000,4434999.345999999903142,285,4,1508.189941,4844.569824,9.6047401,-0.157801,0.178641,-0.336442,176.1569977,35529.30078,26854.40039
286,H13,12161220.000000000000000,4434999.345999999903142,286,4,1508.189941,4844.569824,9.6047401,-0.157801,0.178641,-0.336442,176.1569977,35529.30078,26854.40039
287,H13,12161220.000000000000000,4434999.345999999903142,287,4,1508.189941,4844.569824,9.6047401,-0.157801,0.178641,-0.336442,176.1569977,35529.30078,26854.40039
288,H13,12161220.000000000000000,4434999.345999999903142,288,4,1508.189941,4844.569824,9.6047401,-0.157801,0.178641,-0.336442,176.1569977,35529.30078,26854.40039
289,H13,12161220.000000000000000,4434999.345999999903142,289,4,1508.189941,4844.569824,9.6047401,-0.157801,0.178641,-0.336442,176.1569977,35529.30078,26854.40039
290,H13,12161220.000000000000000,4434999.345999999903142,290,4,1508.189941,4844.569824,9.6047401,-0.157801,0.178641,-0.336442,176.1569977,35529.30078,26854.40039
291,H13,12161220.000000000000000,4434999.345999999903142,291,4,1508.189941,4844.569824,9.6047401,-0.157801,0.178641,-0.336442,176.1569977,35529.30078,26854.40039
292,H13,12161220.000000000000000,4434999.345999999903142,292,4,1508.189941,4844.569824,9.6047401,-0.157801,0.178641,-0.336442,176.1569977,35529.30078,26854.40039
293,H13,12161220.000000000000000,4434999.345999999903142,293,4,1508.189941,4844.569824,9.6047401,-0.157801,0.178641,-0.336442,176.1569977,35529.30078,26854.40039
294,H13,12161220.000000000000000,4434999.345999999903142,294,6,1508.189941,4844.569824,9.6047401,-0.157801,0.178641,-0.336442,176.1569977,35529.30078,26854.40039
295,H13,12161220.000000000000000,4434999.345999999903142,295,6,1508.189941,4844.569824,9.6047401,-0.157801,0.178641,-0.336442,176.1569977,35529.30078,26854.40039
296,H13,12161220.000000000000000,4434999.345999999903142,296,6,1508.189941,4844.569824,9.6047401,-0.157801,0.178641,-0.336442,176.1569977,35529.30078,26854.40039
297,H13,12161220.000000000000000,4434999.345999999903142,297,6,1508.189941,4844.569824,9.6047401,-0.157801,0.178641,-0.336442,176.1569977,35529.30078,26854.40039
298,H13,12161220.000000000000000,4434999.345999999903142,298,6,1508.189941,4844.569824,9.6047401,-0.157801,0.178641,-0.336442,176.1569977,35529.30078,26854.40039
299,H13,12161220.000000000000000,4434999.345999999903142,299,6,1508.189941,4844.569824,9.6047401,-0.157801,0.178641,-0.336442,176.1569977,35529.30078,26854.40039
300,H13,12161220.000000000000000,4434999.345999999903142,300,6,1508.189941,4844.569824,9.6047401,-0.157801,0.178641,-0.336442,176.1569977,35529.30078,26854.40039
301,H13,12161220.000000000000000,4434999.345999999903142,301,6,1508.189941,4844.569824,9.6047401,-0.157801,0.178641,-0.336442,176.1569977,35529.30078,26854.40039
302,H13,12161220.000000000000000,4434999.345999999903142,302,6,1508.189941,4844.569824,9.6047401,-0.157801,0.178641,-0.336442,176.1569977,35529.30078,26854.40039
303,H13,12161220.000000000000000,4434999.345999999903142,303,6,1508.189941,4844.569824,9.6047401,-0.157801,0.178641,-0.336442,176.1569977,35529.30078,26854.40039
304,H13,12161220.000000000000000,4434999.345999999903142,304,6,1508.189941,4844.569824,9.6047401,-0.157801,0.178641,-0.336442,176.1569977,35529.30078,26854.40039
305,H13,12161220.000000000000000,4434999.345999999903142,305,6,1508.189941,4844.569824,9.6047401,-0.157801,0.178641,-0.336442,176.1569977,35529.30078,26854.40039
306,H13,12161220.000000000000000,4434999.345999999903142,306,6,1508.189941,4844.569824,9.6047401,-0.157801,0.178641,-0.336442,176.1569977,35529.30078,26854.40039
307,H13,12161220.000000000000000,4434999.345999999903142,307,6,1508.189941,4844.569824,9.6047401,-0.157801,0.178641,-0.336442,176.1569977,35529.30078,26854.40039
308,H13,12161220.000000000000000,4434999.345999999903142,308,6,1508.189941,4844.569824,9.6047401,-0.157801,0.178641,-0.336442,176.1569977,35529.30078,26854.40039
309,H13,12161220.000000000000000,4434999.345999999903142,309,6,1508.189941,4844.569824,9.6047401,-0.157801,0.178641,-0.336442,176.1569977,35529.30078,26854.40039
310,H13,12161220.000000000000000,4434999.345999999903142,310,6,1508.189941,4844.569824,9.6047401,-0.157801,0.178641,-0.336442,176.1569977,35529.30078,26854.40039
311,H13,12161220.000000000000000,4434999.345999999903142,311,6,1508.189941,4844.569824,9.6047401,-0.157801,0.178641,-0.336442,176.1569977,35529.30078,26854.40039
312,H13,12161220.000000000000000,4434999.345999999903142,312,6,1508.189941,4844.569824,9.6047401,-0.157801,0.178641,-0.336442,176.1569977,35529.30078,26854.40039
313,H13,12161220.000000000000000,4434999.345999999903142,313,6,1508.189941,4844.569824,9.6047401,-0.157801,0.178641,-0.336442,176.1569977,35529.30078,26854.40039
314,H13,12161220.000000000000000,4434999.345999999903142,314,6,1508.189941,4844.569824,9.6047401,-0.157801,0.178641,-0.336442,176.1569977,35529.30078,26854.40039
315,H13,12161220.000000000000000,4434999.345999999903142,315,6,1508.189941,4844.569824,9.6047401,-0.157801,0.178641,-0.336442,176.1569977,35529.30078,26854.40039
316,H13,12161220.000000000000000,4434999.345999999903142,316,6,1508.189941,4844.569824,9.6047401,-0.157801,0.178641,-0.336442,176.1569977,35529.30078,26854.40039
317,H13,12161220.000000000000000,4434999.345999999903142,317,6,1508.189941,4844.569824,9.6047401,-0.157801,0.178641,-0.336442,176.1569977,35529.30078,26854.40039
318,H13,12161220.000000000000000,4434999.345999999903142,318,6,1508.189941,4844.569824,9.6047401,-0.157801,0.178641,-0.336442,176.1569977,35529.30078,26854.40039
319,H13,12161220.000000000000000,4434999.345999999903142,319,6,1508.189941,4844.569824,9.6047401,-0.157801,0.178641,-0.336442,176.1569977,35529.30078,26854.40039
320,H13,12161220.000000000000000,4434999.345999999903142,320,6,1508.189941,4844.569824,9.6047401,-0.157801,0.178641,-0.336442,176.1569977,35529.30078,26854.40039
321,H13,12161220.000000000000000,4434999.345999999903142,321,6,1508.189941,4844.569824,9.6047401,-0.157801,0.178641,-0.336442,176.1569977,35529.30078,26854.40039
322,H13,12161220.000000000000000,4434999.345999999903142,322,6,1508.189941,4844.569824,9.6047401,-0.157801,0.178641,-0.336442,176.1569977,35529.30078,26854.40039
323,H13,12161220.000000000000000,4434999.345999999903142,323,6,1508.189941,4844.569824,9.6047401,-0.157801,0.178641,-0.336442,176.1569977,35529.30078,26854.40039
324,H13,12161220.000000000000000,4434999.345999999903142,324,6,1508.189941,4844.569824,9.6047401,-0.157801,0.178641,-0.336442,176.1569977,35529.30078,26854.40039
325,H13,12161220.000000000000000,4434999.345999999903142,325,6,1508.189941,4844.569824,9.6047401,-0.157801,0.178641,-0.336442,176.1569977,35529.30078,26854.40039
326,H13,12161220.000000000000000,4434999.345999999903142,326,6,1508.189941,4844.569824,9.6047401,-0.157801,0.178641,-0.336442,176.1569977,35529.30078,26854.40039
327,H13,12161220.000000000000000,4434999.345999999903142,327,6,1508.189941,4844.569824,9.6047401,-0.157801,0.178641,-0.336442,176.1569977,35529.30078,26854.40039
328,H13,12161220.000000000000000,4434999.345999999903142,328,6,1508.189941,4844.569824,9.6047401,-0.157801,0.178641,-0.336442,176.1569977,35529.30078,26854.40039
329,H13,12161220.000000000000000,4434999.345999999903142,329,6,1508.189941,4844.569824,9.6047401,-0.157801,0.178641,-0.336442,176.1569977,35529.30078,26854.40039
330,H13,12161220.000000000000000,4434999.345999999903142,330,6,1508.189941,4844.569824,9.6047401,-0.157801,0.178641,-0.336442,176.1569977,35529.30078,26854.40039
331,H13,12161220.000000000000000,4434999.345999999903142,331,6,1508.189941,4844.569824,9.6047401,-0.157801,0.178641,-0.336442,176.1569977,35529.30078,26854.40039
332,H13,12161220.000000000000000,4434999.345999999903142,332,6,1508.189941,4844.569824,9.6047401,-0.157801,0.178641,-0.336442,176.1569977,35529.30078,26854.40039
333,H13,12161220.000000000000000,4434999.345999999903142,333,6,1508.189941,4844.569824,9.6047401,-0.157801,0.178641,-0.336442,176.1569977,35529.30078,26854.40039
334,H13,12161220.000000000000000,4434999.345999999903142,334,6,1508.189941,4844.569824,9.6047401,-0.157801,0.178641,-0.336442,176.1569977,35529.30078,26854.40039
335,H13,12161220.000000000000000,4434999.345999999903142,335,6,1508.189941,4844.569824,9.6047401,-0.157801,0.178641,-0.336442,176.1569977,35529.30078,26854.40039
336,H13,12161220.000000000000000,4434999.345999999903142,336,6,1508.189941,4844.569824,9.6047401,-0.157801,0.178641,-0.336442,176.1569977,35529.30078,26854.40039
337,H13,12161220.000000000000000,4434999.345999999903142,337,6,1508.189941,4844.569824,9.6047401,-0.157801,0.178641,-0.336442,176.1569977,35529.30078,26854.40039
338,H13,12161220.000000000000000,4434999.345999999903142,338,6,1508.189941,4844.569824,9.6047401,-0.157801,0.178641,-0.336442,176.1569977,35529.30078,26854.40039
339,H13,12161220.000000000000000,4434999.345999999903142,339,6,1508.189941,4844.569824,9.6047401,-0.157801,0.178641,-0.336442,176.1569977,35529.30078,26854.40039
340,H13,12161220.000000000000000,4434999.345999999903142,340,6,1508.189941,4844.569824,9.6047401,-0.157801,0.178641,-0.336442,176.1569977,35529.30078,26854.40039
341,H13,12161220.000000000000000,4434999.345999999903142,341,6,1508.189941,4844.569824,9.6047401,-0.157801,0.178641,-0.336442,176.1569977,35529.30078,26854.40039
342,H13,12161220.000000000000000,4434999.345999999903142,342,6,1508.189941,4844.569824,9.6047401,-0.157801,0.178641,-0.336442,176.1569977,35529.30078,26854.40039
343,H13,12161220.000000000000000,4434999.345999999903142,343,6,1508.189941,4844.569824,9.6047401,-0.157801,0.178641,-0.336442,176.1569977,35529.30078,26854.40039
344,H13,12161220.000000000000000,4434999.345999999903142,344,6,1508.189941,4844.569824,9.6047401,-0.157801,0.178641,-0.336442,176.1569977,35529.30078,26854.40039
345,H13,12161220.000000000000000,4434999.345999999903142,345,6,1508.189941,4844.569824,9.6047401,-0.157801,0.178641,-0.336442,176.1569977,35529.30078,26854.40039
346,H13,12161220.000000000000000,4434999.345999999903142,346,6,1508.189941,4844.569824,9.6047401,-0.157801,0.178641,-0.336442,176.1569977,35529.30078,26854.40039
347,H13,12161220.000000000000000,4434999.345999999903142,347,6,1508.189941,4844.569824,9.6047401,-0.157801,0.178641,-0.336442,176.1569977,35529.30078,26854.40039
348,H13,12161220.000000000000000,4434999.345999999903142,348,6,1508.189941,4844.569824,9.6047401,-0.157801,0.178641,-0.336442,176.1569977,35529.30078,26854.40039
349,H13,12161220.000000000000000,4434999.345999999903142,349,6,1508.189941,4844.569824,9.6047401,-0.157801,0.178641,-0.336442,176.1569977,35529.30078,26854.40039
350,H13,12161220.000000000000000,4434999.345999999903142,350,6,1508.189941,4844.569824,9.6047401,-0.157801,0.178641,-0.336442,176.1569977,35529.30078,26854.40039
351,H13,12161220.000000000000000,4434999.345999999903142,351,6,1508.189941,4844.569824,9.6047401,-0.157801,0.178641,-0.336442,176.1569977,35529.30078,26854.40039
352,H13,12161220.000000000000000,4434999.345999999903142,352,6,1508.189941,4844.569824,9.6047401,-0.157801,0.178641,-0.336442,176.1569977,35529.30078,26854.40039
353,H13,12161220.000000000000000,4434999.345999999903142,353,6,1508.189941,4844.569824,9.6047401,-0.157801,0.178641,-0.336442,176.1569977,35529.30078,26854.40039
354,H13,12161220.000000000000000,4434999.345999999903142,354,6,1508.189941,4844.569824,9.6047401,-0.157801,0.178641,-0.336442,176.1569977,35529.30078,26854.40039
355,H13,12161220.000000000000000,4434999.345999999903142,355,6,1508.189941,4844.569824,9.6047401,-0.157801,0.178641,-0.336442,176.1569977,35529.30078,26854.40039
356,H13,12161220.000000000000000,4434999.345999999903142,356,6,1508.189941,4844.569824,9.6047401,-0.157801,0.178641,-0.336442,176.1569977,35529.30078,26854.40039
357,H13,12161220.000000000000000,4434999.345999999903142,357,6,1508.189941,4844.569824,9.6047401,-0.157801,0.178641,-0.336442,176.1569977,35529.30078,26854.40039
358,H13,12161220.000000000000000,4434999.345999999903142,358,6,1508.189941,4844.569824,9.6047401,-0.157801,0.178641,-0.336442,176.1569977,35529.30078,26854.40039
359,H13,12161220.000000000000000,4434999.345999999903142,359,6,1508.189941,4844.569824,9.6047401,-0.157801,0.178641,-0.336442,176.1569977,35529.30078,26854.40039
360,H13,12161220.000000000000000,4434999.345999999903142,360,6,1508.189941,4844.569824,9.6047401,-0.157801,0.178641,-0.336442,176.1569977,35529.30078,26854.40039
361,H13,12161220.000000000000000,4434999.345999999903142,361,6,1508.189941,4844.569824,9.6047401,-0.157801,0.178641,-0.336442,176.1569977,35529.30078,26854.40039
362,H13,12161220.000000000000000,4434999.345999999903142,362,6,1508.189941,4844.569824,9.6047401,-0.157801,0.178641,-0.336442,176.1569977,35529.30078,26854.40039
363,H13,12161220.000000000000000,4434999.345999999903142,363,6,1508.189941,4844.569824,9.6047401,-0.157801,0.178641,-0.336442,176.1569977,35529.30078,26854.40039
364,H13,12161220.000000000000000,4434999.345999999903142,364,6,1508.189941,4844.569824,9.6047401,-0.157801,0.178641,-0.336442,176.1569977,35529.30078,26854.40039
365,H13,12161220.000000000000000,4434999.345999999903142,365,6,1508.189941,4844.569824,9.6047401,-0.157801,0.178641,-0.336442,176.1569977,35529.30078,26854.40039
366,H13,12161220.000000000000000,4434999.345999999903142,366,6,1508.189941,4844.569824,9.6047401,-0.157801,0.178641,-0.336442,176.1569977,35529.30078,26854.40039
367,H13,12161220.000000000000000,4434999.345999999903142,367,6,1508.189941,4844.569824,9.6047401,-0.157801,0.178641,-0.336442,176.1569977,35529.30078,26854.40039
368,H13,12161220.000000000000000,4434999.345999999903142,368,6,1508.189941,4844.569824,9.6047401,-0.157801,0.178641,-0.336442,176.1569977,35529.30078,26854.40039
369,H13,12161220.000000000000000,4434999.345999999903142,369,6,1508.189941,4844.569824,9.6047401,-0.157801,0.178641,-0.336442,176.1569977,35529.30078,26854.40039
370,H13,12161220.000000000000000,4434999.345999999903142,370,6,1508.189941,4844.569824,9.6047401,-0.157801,0.178641,-0.336442,176.1569977,35529.30078,26854.40039
371,H13,12161220.000000000000000,4434999.345999999903142,371,6,1508.189941,4844.569824,9.6047401,-0.157801,0.178641,-0.336442,176.1569977,35529.30078,26854.40039
372,H13,12161220.000000000000000,4434999.345999999903142,372,6,1508.189941,4844.569824,9.6047401,-0.157801,0.178641,-0.336442,176.1569977,35529.30078,26854.40039
373,H13,12161220.000000000000000,4434999.345999999903142,373,6,1508.189941,4844.569824,9.6047401,-0.157801,0.178641,-0.336442,176.1569977,35529.30078,26854.40039
374,H13,12161220.000000000000000,4434999.345999999903142,374,6,1508.189941,4844.569824,9.6047401,-0.157801,0.178641,-0.336442,176.1569977,35529.30078,26854.40039
375,H13,12161220.000000000000000,4434999.345999999903142,375,6,1508.189941,4844.569824,9.6047401,-0.157801,0.178641,-0.336442,176.1569977,35529.30078,26854.40039
376,H13,12161220.000000000000000,4434999.345999999903142,376,6,1508.189941,4844.569824,9.6047401,-0.157801,0.178641,-0.336442,176.1569977,35529.30078,26854.40039
377,H13,12161220.000000000000000,4434999.345999999903142,377,6,1508.189941,4844.569824,9.6047401,-0.157801,0.178641,-0.336442,176.1569977,35529.30078,26854.40039
378,H13,12161220.000000000000000,4434999.345999999903142,378,6,1508.189941,4844.569824,9.6047401,-0.157801,0.178641,-0.336442,176.1569977,35529.30078,26854.40039
379,H13,12161220.000000000000000,4434999.345999999903142,379,6,1508.189941,4844.569824,9.6047401,-0.157801,0.178641,-0.336442,176.1569977,35529.30078,26854.40039
380,H13,12161220.000000000000000,4434999.345999999903142,380,6,1508.189941,4844.569824,9.6047401,-0.157801,0.178641,-0.336442,176.1569977,35529.30078,26854.40039
381,H13,12161220.000000000000000,4434999.345999999903142,381,6,1508.189941,4844.569824,9.6047401,-0.157801,0.178641,-0.336442,176.1569977,35529.30078,26854.40039
382,H13,12161220.000000000000000,4434999.345999999903142,382,6,1508.189941,4844.569824,9.6047401,-0.157801,0.178641,-0.336442,176.1569977,35529.30078,26854.40039
383,H13,12161220.000000000000000,4434999.345999999903142,383,6,1508.189941,4844.569824,9.6047401,-0.157801,0.178641,-0.336442,176.1569977,35529.30078,26854.40039
384,H13,12161220.000000000000000,4434999.345999999903142,384,6,1508.189941,4844.569824,9.6047401,-0.157801,0.178641,-0.336442,176.1569977,35529.30078,26854.40039
385,H13,12161220.000000000000000,4434999.345999999903142,385,6,1508.189941,4844.569824,9.6047401,-0.157801,0.178641,-0.336442,176.1569977,35529.30078,26854.40039
386,H13,12161220.000000000000000,4434999.345999999903142,386,6,1508.189941,4844.569824,9.6047401,-0.157801,0.178641,-0.336442,176.1569977,35529.30078,26854.40039
387,H13,12161220.000000000000000,4434999.345999999903142,387,6,1508.189941,4844.569824,9.6047401,-0.157801,0.178641,-0.336442,176.1569977,35529.30078,26854.40039
388,H13,12161220.000000000000000,4434999.345999999903142,388,6,1508.189941,4844.569824,9.6047401,-0.157801,0.178641,-0.336442,176.1569977,35529.30078,26854.40039
389,H13,12161220.000000000000000,4434999.345999999903142,389,6,1508.189941,4844.569824,9.6047401,-0.157801,0.178641,-0.336442,176.1569977,35529.30078,26854.40039
390,H13,12161220.000000000000000,4434999.345999999903142,390,6,1508.189941,4844.569824,9.6047401,-0.157801,0.178641,-0.336442,176.1569977,35529.30078,26854.40039
391,H13,12161220.000000000000000,4434999.345999999903142,391,6,1508.189941,4844.569824,9.6047401,-0.157801,0.178641,-0.336442,176.1569977,35529.30078,26854.40039
392,H13,12161220.000000000000000,4434999.345999999903142,392,6,1508.189941,4844.569824,9.6047401,-0.157801,0.178641,-0.336442,176.1569977,35529.30078,26854.40039
393,H13,12161220.000000000000000,4434999.345999999903142,393,6,1508.189941,4844.569824,9.6047401,-0.157801,0.178641,-0.336442,176.1569977,35529.30078,26854.40039
394,H13,12161220.000000000000000,4434999.345999999903142,394,6,1508.189941,4844.569824,9.6047401,-0.157801,0.178641,-0.336442,176.1569977,35529.30078,26854.40039
395,H13,12161220.000000000000000,4434999.345999999903142,395,6,1508.189941,4844.569824,9.6047401,-0.157801,0.178641,-0.336442,176.1569977,35529.30078,26854.40039
396,H13,12161220.000000000000000,4434999.345999999903142,396,6,1508.189941,4844.569824,9.6047401,-0.157801,0.178641,-0.336442,176.1569977,35529.30078,26854.40039
397,H13,12161220.000000000000000,4434999.345999999903142,397,6,1508.189941,4844.569824,9.6047401,-0.157801,0.178641,-0.336442,176.1569977,35529.30078,26854.40039
398,H13,12161220.000000000000000,4434999.345999999903142,398,6,1508.189941,4844.569824,9.6047401,-0.157801,0.178641,-0.336442,176.1569977,35529.30078,26854.40039
399,H13,12161220.000000000000000,4434999.345999999903142,399,6,1508.189941,4844.569824,9.6047401,-0.157801,0.178641,-0.336442,176.1569977,35529.30078,26854.40039
400,H13,12161220.000000000000000,4434999.345999999903142,400,6,1508.189941,4844.569824,9.6047401,-0.157801,0.178641,-0.336442,176.1569977,35529.30078,26854.40039
401,H13,12161220.000000000000000,4434999.345999999903142,401,6,1508.189941,4844.569824,9.6047401,-0.157801,0.178641,-0.336442,176.1569977,35529.30078,26854.40039
402,H13,12161220.000000000000000,4434999.345999999903142,402,6,1508.189941,4844.569824,9.6047401,-0.157801,0.178641,-0.336442,176.1569977,35529.30078,26854.40039
403,H13,12161220.000000000000000,4434999.345999999903142,403,6,1508.189941,4844.569824,9.6047401,-0.157801,0.178641,-0.336442,176.1569977,35529.30078,26854.40039
404,H13,12161220.000000000000000,4434999.345999999903142,404,6,1508.189941,4844.569824,9.6047401,-0.157801,0.178641,-0.336442,176.1569977,35529.30078,26854.40039
405,H13,12161220.000000000000000,4434999.345999999903142,405,6,1508.189941,4844.569824,9.6047401,-0.157801,0.178641,-0.336442,176.1569977,35529.30078,26854.40039
406,H13,12161220.000000000000000,4434999.345999999903142,406,6,1508.189941,4844.569824,9.6047401,-0.157801,0.178641,-0.336442,176.1569977,35529.30078,26854.40039
407,H13,12161220.000000000000000,4434999.345999999903142,407,6,1508.189941,4844.569824,9.6047401,-0.157801,0.178641,-0.336442,176.1569977,35529.30078,26854.40039
408,H13,12161220.000000000000000,4434999.345999999903142,408,6,1508.189941,4844.569824,9.6047401,-0.157801,0.178641,-0.336442,176.1569977,35529.30078,26854.40039
409,H13,12161220.000000000000000,4434999.345999999903142,409,6,1508.189941,4844.569824,9.6047401,-0.157801,0.178641,-0.336442,176.1569977,35529.30078,26854.40039
410,H13,12161220.000000000000000,4434999.345999999903142,410,6,1508.189941,4844.569824,9.6047401,-0.157801,0.178641,-0.336442,176.1569977,35529.30078,26854.40039
411,H13,12161220.000000000000000,4434999.345999999903142,411,6,1508.189941,4844.569824,9.6047401,-0.157801,0.178641,-0.336442,176.1569977,35529.30078,26854.40039
412,H13,12161220.000000000000000,4434999.345999999903142,412,6,1508.189941,4844.569824,9.6047401,-0.157801,0.178641,-0.336442,176.1569977,35529.30078,26854.40039
413,H13,12161220.000000000000000,4434999.345999999903142,413,6,1508.189941,4844.569824,9.6047401,-0.157801,0.178641,-0.336442,176.1569977,35529.30078,26854.40039
414,H13,12161220.000000000000000,4434999.345999999903142,414,6,1508.189941,4844.569824,9.6047401,-0.157801,0.178641,-0.336442,176.1569977,35529.30078,26854.40039
415,H13,12161220.000000000000000,4434999.345999999903142,415,6,1508.189941,4844.569824,9.6047401,-0.157801,0.178641,-0.336442,176.1569977,35529.30078,26854.40039
416,H13,12161220.000000000000000,4434999.345999999903142,416,3,1508.189941,4844.569824,9.6047401,-0.157801,0.178641,-0.336442,176.1569977,35529.30078,26854.40039
417,H13,12161220.000000000000000,4434999.345999999903142,417,3,1508.189941,4844.569824,9.6047401,-0.157801,0.178641,-0.336442,176.1569977,35529.30078,26854.40039
418,H13,12161220.000000000000000,4434999.345999999903142,418,3,1508.189941,4844.569824,9.6047401,-0.157801,0.178641,-0.336442,176.1569977,35529.30078,26854.40039
419,H13,12161220.000000000000000,4434999.345999999903142,419,3,1508.189941,4844.569824,9.6047401,-0.157801,0.178641,-0.336442,176.1569977,35529.30078,26854.40039
420,H13,12161220.000000000000000,4434999.345999999903142,420,3,1508.189941,4844.569824,9.6047401,-0.157801,0.178641,-0.336442,176.1569977,35529.30078,26854.40039
421,H13,12161220.000000000000000,4434999.345999999903142,421,3,1508.189941,4844.569824,9.6047401,-0.157801,0.178641,-0.336442,176.1569977,35529.30078,26854.40039
422,H13,12161220.000000000000000,4434999.345999999903142,422,3,1508.189941,4844.569824,9.6047401,-0.157801,0.178641,-0.336442,176.1569977,35529.30078,26854.40039
423,H13,12161220.000000000000000,4434999.345999999903142,423,3,1508.189941,4844.569824,9.6047401,-0.157801,0.178641,-0.336442,176.1569977,35529.30078,26854.40039
424,H13,12161220.000000000000000,4434999.345999999903142,424,3,1508.189941,4844.569824,9.6047401,-0.157801,0.178641,-0.336442,176.1569977,35529.30078,26854.40039
425,H13,12161220.000000000000000,4434999.345999999903142,425,3,1508.189941,4844.569824,9.6047401,-0.157801,0.178641,-0.336442,176.1569977,35529.30078,26854.40039
426,H13,12161220.000000000000000,4434999.345999999903142,427,3,1508.189941,4844.569824,9.6047401,-0.157801,0.178641,-0.336442,176.1569977,35529.30078,26854.40039
427,H13,12161220.000000000000000,4434999.345999999903142,428,3,1508.189941,4844.569824,9.6047401,-0.157801,0.178641,-0.336442,176.1569977,35529.30078,26854.40039
428,H13,12161220.000000000000000,4434999.345999999903142,429,3,1508.189941,4844.569824,9.6047401,-0.157801,0.178641,-0.336442,176.1569977,35529.30078,26854.40039
429,H13,12161220.000000000000000,4434999.345999999903142,430,3,1508.189941,4844.569824,9.6047401,-0.157801,0.178641,-0.336442,176.1569977,35529.30078,26854.40039
430,H13,12161220.000000000000000,4434999.345999999903142,431,3,1508.189941,4844.569824,9.6047401,-0.157801,0.178641,-0.336442,176.1569977,35529.30078,26854.40039
431,H13,12161220.000000000000000,4434999.345999999903142,432,3,1508.189941,4844.569824,9.6047401,-0.157801,0.178641,-0.336442,176.1569977,35529.30078,26854.40039
432,H13,12161220.000000000000000,4434999.345999999903142,433,3,1508.189941,4844.569824,9.6047401,-0.157801,0.178641,-0.336442,176.1569977,35529.30078,26854.40039
433,H13,12161220.000000000000000,4434999.345999999903142,434,3,1508.189941,4844.569824,9.6047401,-0.157801,0.178641,-0.336442,176.1569977,35529.30078,26854.40039
434,H13,12161220.000000000000000,4434999.345999999903142,435,3,1508.189941,4844.569824,9.6047401,-0.157801,0.178641,-0.336442,176.1569977,35529.30078,26854.40039
435,H13,12161220.000000000000000,4434999.345999999903142,436,3,1508.189941,4844.569824,9.6047401,-0.157801,0.178641,-0.336442,176.1569977,35529.30078,26854.40039
436,H13,12161220.000000000000000,4434999.345999999903142,439,3,1508.189941,4844.569824,9.6047401,-0.157801,0.178641,-0.336442,176.1569977,35529.30078,26854.40039
437,H13,12161220.000000000000000,4434999.345999999903142,440,3,1508.189941,4844.569824,9.6047401,-0.157801,0.178641,-0.336442,176.1569977,35529.30078,26854.40039
438,H13,12161220.000000000000000,4434999.345999999903142,441,3,1508.189941,4844.569824,9.6047401,-0.157801,0.178641,-0.336442,176.1569977,35529.30078,26854.40039
439,H13,12161220.000000000000000,4434999.345999999903142,442,3,1508.189941,4844.569824,9.6047401,-0.157801,0.178641,-0.336442,176.1569977,35529.30078,26854.40039
440,H13,12161220.000000000000000,4434999.345999999903142,443,3,1508.189941,4844.569824,9.6047401,-0.157801,0.178641,-0.336442,176.1569977,35529.30078,26854.40039
441,H13,12161220.000000000000000,4434999.345999999903142,444,3,1508.189941,4844.569824,9.6047401,-0.157801,0.178641,-0.336442,176.1569977,35529.30078,26854.40039
442,H13,12161220.000000000000000,4434999.345999999903142,445,3,1508.189941,4844.569824,9.6047401,-0.157801,0.178641,-0.336442,176.1569977,35529.30078,26854.40039
443,H13,12161220.000000000000000,4434999.345999999903142,446,3,1508.189941,4844.569824,9.6047401,-0.157801,0.178641,-0.336442,176.1569977,35529.30078,26854.40039
444,H13,12161220.000000000000000,4434999.345999999903142,447,3,1508.189941,4844.569824,9.6047401,-0.157801,0.178641,-0.336442,176.1569977,35529.30078,26854.40039
445,H13,12161220.000000000000000,4434999.345999999903142,448,3,1508.189941,4844.569824,9.6047401,-0.157801,0.178641,-0.336442,176.1569977,35529.30078,26854.40039
446,H13,12161220.000000000000000,4434999.345999999903142,449,3,1508.189941,4844.569824,9.6047401,-0.157801,0.178641,-0.336442,176.1569977,35529.30078,26854.40039
447,H13,12161220.000000000000000,4434999.345999999903142,450,3,1508.189941,4844.569824,9.6047401,-0.157801,0.178641,-0.336442,176.1569977,35529.30078,26854.40039
448,H14,12162492.550000000745058,4434777.876000000163913,0,0,1509.819946,3553.620117,2.50105,0.0551055,0.087448,-0.0323425,210.2089996,35459.19922,27033.30078
449,H14,12162492.550000000745058,4434777.876000000163913,1,5,1509.819946,3553.620117,2.50105,0.0551055,0.087448,-0.0323425,210.2089996,35459.19922,27033.30078
450,H14,12162492.550000000745058,4434777.876000000163913,2,5,1509.819946,3553.620117,2.50105,0.0551055,0.087448,-0.0323425,210.2089996,35459.19922,27033.30078
451,H14,12162492.550000000745058,4434777.876000000163913,3,5,1509.819946,3553.620117,2.50105,0.0551055,0.087448,-0.0323425,210.2089996,35459.19922,27033.30078
452,H14,12162492.550000000745058,4434777.876000000163913,4,5,1509.819946,3553.620117,2.50105,0.0551055,0.087448,-0.0323425,210.2089996,35459.19922,27033.30078
453,H14,12162492.550000000745058,4434777.876000000163913,5,5,1509.819946,3553.620117,2.50105,0.0551055,0.087448,-0.0323425,210.2089996,35459.19922,27033.30078
454,H14,12162492.550000000745058,4434777.876000000163913,6,5,1509.819946,3553.620117,2.50105,0.0551055,0.087448,-0.0323425,210.2089996,35459.19922,27033.30078
455,H14,12162492.550000000745058,4434777.876000000163913,7,5,1509.819946,3553.620117,2.50105,0.0551055,0.087448,-0.0323425,210.2089996,35459.19922,27033.30078
456,H14,12162492.550000000745058,4434777.876000000163913,8,5,1509.819946,3553.620117,2.50105,0.0551055,0.087448,-0.0323425,210.2089996,35459.19922,27033.30078
457,H14,12162492.550000000745058,4434777.876000000163913,9,5,1509.819946,3553.620117,2.50105,0.0551055,0.087448,-0.0323425,210.2089996,35459.19922,27033.30078
458,H14,12162492.550000000745058,4434777.876000000163913,10,5,1509.819946,3553.620117,2.50105,0.0551055,0.087448,-0.0323425,210.2089996,35459.19922,27033.30078
459,H14,12162492.550000000745058,4434777.876000000163913,11,5,1509.819946,3553.620117,2.50105,0.0551055,0.087448,-0.0323425,210.2089996,35459.19922,27033.30078
460,H14,12162492.550000000745058,4434777.876000000163913,12,5,1509.819946,3553.620117,2.50105,0.0551055,0.087448,-0.0323425,210.2089996,35459.19922,27033.30078
461,H14,12162492.550000000745058,4434777.876000000163913,13,5,1509.819946,3553.620117,2.50105,0.0551055,0.087448,-0.0323425,210.2089996,35459.19922,27033.30078
462,H14,12162492.550000000745058,4434777.876000000163913,14,5,1509.819946,3553.620117,2.50105,0.0551055,0.087448,-0.0323425,210.2089996,35459.19922,27033.30078
463,H14,12162492.550000000745058,4434777.876000000163913,15,5,1509.819946,3553.620117,2.50105,0.0551055,0.087448,-0.0323425,210.2089996,35459.19922,27033.30078
464,H14,12162492.550000000745058,4434777.876000000163913,16,5,1509.819946,3553.620117,2.50105,0.0551055,0.087448,-0.0323425,210.2089996,35459.19922,27033.30078
465,H14,12162492.550000000745058,4434777.876000000163913,17,5,1509.819946,3553.620117,2.50105,0.0551055,0.087448,-0.0323425,210.2089996,35459.19922,27033.30078
466,H14,12162492.550000000745058,4434777.876000000163913,18,5,1509.819946,3553.620117,2.50105,0.0551055,0.087448,-0.0323425,210.2089996,35459.19922,27033.30078
467,H14,12162492.550000000745058,4434777.876000000163913,19,5,1509.819946,3553.620117,2.50105,0.0551055,0.087448,-0.0323425,210.2089996,35459.19922,27033.30078
468,H14,12162492.550000000745058,4434777.876000000163913,20,5,1509.819946,3553.620117,2.50105,0.0551055,0.087448,-0.0323425,210.2089996,35459.19922,27033.30078
469,H14,12162492.550000000745058,4434777.876000000163913,21,5,1509.819946,3553.620117,2.50105,0.0551055,0.087448,-0.0323425,210.2089996,35459.19922,27033.30078
470,H14,12162492.550000000745058,4434777.876000000163913,22,5,1509.819946,3553.620117,2.50105,0.0551055,0.087448,-0.0323425,210.2089996,35459.19922,27033.30078
471,H14,12162492.550000000745058,4434777.876000000163913,23,5,1509.819946,3553.620117,2.50105,0.0551055,0.087448,-0.0323425,210.2089996,35459.19922,27033.30078
472,H14,12162492.550000000745058,4434777.876000000163913,24,5,1509.819946,3553.620117,2.50105,0.0551055,0.087448,-0.0323425,210.2089996,35459.19922,27033.30078
473,H14,12162492.550000000745058,4434777.876000000163913,25,5,1509.819946,3553.620117,2.50105,0.0551055,0.087448,-0.0323425,210.2089996,35459.19922,27033.30078
474,H14,12162492.550000000745058,4434777.876000000163913,26,5,1509.819946,3553.620117,2.50105,0.0551055,0.087448,-0.0323425,210.2089996,35459.19922,27033.30078
475,H14,12162492.550000000745058,4434777.876000000163913,27,5,1509.819946,3553.620117,2.50105,0.0551055,0.087448,-0.0323425,210.2089996,35459.19922,27033.30078
476,H14,12162492.550000000745058,4434777.876000000163913,28,5,1509.819946,3553.620117,2.50105,0.0551055,0.087448,-0.0323425,210.2089996,35459.19922,27033.30078
477,H14,12162492.550000000745058,4434777.876000000163913,29,5,1509.819946,3553.620117,2.50105,0.0551055,0.087448,-0.0323425,210.2089996,35459.19922,27033.30078
478,H14,12162492.550000000745058,4434777.876000000163913,30,5,1509.819946,3553.620117,2.50105,0.0551055,0.087448,-0.0323425,210.2089996,35459.19922,27033.30078
479,H14,12162492.550000000745058,4434777.876000000163913,31,5,1509.819946,3553.620117,2.50105,0.0551055,0.087448,-0.0323425,210.2089996,35459.19922,27033.30078
480,H14,12162492.550000000745058,4434777.876000000163913,32,5,1509.819946,3553.620117,2.50105,0.0551055,0.087448,-0.0323425,210.2089996,35459.19922,27033.30078
481,H14,12162492.550000000745058,4434777.876000000163913,33,5,1509.819946,3553.620117,2.50105,0.0551055,0.087448,-0.0323425,210.2089996,35459.19922,27033.30078
482,H14,12162492.550000000745058,4434777.876000000163913,34,5,1509.819946,3553.620117,2.50105,0.0551055,0.087448,-0.0323425,210.2089996,35459.19922,27033.30078
483,H14,12162492.550000000745058,4434777.876000000163913,35,5,1509.819946,3553.620117,2.50105,0.0551055,0.087448,-0.0323425,210.2089996,35459.19922,27033.30078
484,H14,12162492.550000000745058,4434777.876000000163913,36,5,1509.819946,3553.620117,2.50105,0.0551055,0.087448,-0.0323425,210.2089996,35459.19922,27033.30078
485,H14,12162492.550000000745058,4434777.876000000163913,37,5,1509.819946,3553.620117,2.50105,0.0551055,0.087448,-0.0323425,210.2089996,35459.19922,27033.30078
486,H14,12162492.550000000745058,4434777.876000000163913,38,5,1509.819946,3553.620117,2.50105,0.0551055,0.087448,-0.0323425,210.2089996,35459.19922,27033.30078
487,H14,12162492.550000000745058,4434777.876000000163913,39,5,1509.819946,3553.620117,2.50105,0.0551055,0.087448,-0.0323425,210.2089996,35459.19922,27033.30078
488,H14,12162492.550000000745058,4434777.876000000163913,40,5,1509.819946,3553.620117,2.50105,0.0551055,0.087448,-0.0323425,210.2089996,35459.19922,27033.30078
489,H14,12162492.550000000745058,4434777.876000000163913,41,5,1509.819946,3553.620117,2.50105,0.0551055,0.087448,-0.0323425,210.2089996,35459.19922,27033.30078
490,H14,12162492.550000000745058,4434777.876000000163913,42,5,1509.819946,3553.620117,2.50105,0.0551055,0.087448,-0.0323425,210.2089996,35459.19922,27033.30078
491,H14,12162492.550000000745058,4434777.876000000163913,43,5,1509.819946,3553.620117,2.50105,0.0551055,0.087448,-0.0323425,210.2089996,35459.19922,27033.30078
492,H14,12162492.550000000745058,4434777.876000000163913,44,5,1509.819946,3553.620117,2.50105,0.0551055,0.087448,-0.0323425,210.2089996,35459.19922,27033.30078
493,H14,12162492.550000000745058,4434777.876000000163913,45,5,1509.819946,3553.620117,2.50105,0.0551055,0.087448,-0.0323425,210.2089996,35459.19922,27033.30078
494,H14,12162492.550000000745058,4434777.876000000163913,46,5,1509.819946,3553.620117,2.50105,0.0551055,0.087448,-0.0323425,210.2089996,35459.19922,27033.30078
495,H14,12162492.550000000745058,4434777.876000000163913,47,5,1509.819946,3553.620117,2.50105,0.0551055,0.087448,-0.0323425,210.2089996,35459.19922,27033.30078
496,H14,12162492.550000000745058,4434777.876000000163913,48,5,1509.819946,3553.620117,2.50105,0.0551055,0.087448,-0.0323425,210.2089996,35459.19922,27033.30078
497,H14,12162492.550000000745058,4434777.876000000163913,49,5,1509.819946,3553.620117,2.50105,0.0551055,0.087448,-0.0323425,210.2089996,35459.19922,27033.30078
498,H14,12162492.550000000745058,4434777.876000000163913,50,5,1509.819946,3553.620117,2.50105,0.0551055,0.087448,-0.0323425,210.2089996,35459.19922,27033.30078
