FID,Id,X,Y,DEM,WaterSys_Dis,Faults_Dis
0,0,12139137.839400000870228,4348675.270770000293851,1295.090909090909008,3079.651257324218932,124813.101917613632395
1,0,12139292.549699999392033,4348677.857579999603331,1294.681818181818244,3143.250769042968841,124780.266015625005821
2,0,12139447.260099999606609,4348680.442540000192821,1294.450000000000045,3221.651983351934632,124746.444140624997090
3,0,12139601.970799999311566,4348683.025670000351965,1296.400000000000091,3316.023437500000000,124712.764843750002910
4,0,12139756.681600000709295,4348685.606959999538958,1297.549999999999955,3418.807983398437500,124679.057812500002910
5,0,12139911.392500000074506,4348688.186400000005960,1295.299999999999955,3516.777795410156159,124646.379836309526581
6,0,12140066.103700000792742,4348690.764010000042617,1293.799999999999955,3618.315246582031250,124605.602241847824189
7,0,12140220.814999999478459,4348693.339770000427961,1298.291666666666742,3723.007934570312500,124571.070312500000000
8,0,12140375.526599999517202,4348695.913700000382960,1295.950000000000045,3829.892224121093932,124537.343750000000000
9,0,12140530.238299999386072,4348698.485779999755323,1298.200000000000045,3950.500325520833485,124503.789062500000000
10,0,12140684.950099999085069,4348701.056020000018179,1299.700000000000045,4074.130151367187409,124445.271205357144936
11,0,12140839.662200000137091,4348703.624429999850690,1301.200000000000045,4189.035815429687318,124407.935156249994179
12,0,12140994.374399999156594,4348706.190990000031888,1300.349999999999909,4306.101123046874818,124371.596679687500000
13,0,12141149.086799999698997,4348708.755719999782741,1305.875000000000000,4407.220190429687136,124335.033203125000000
14,0,12141303.799399999901652,4348711.318599999882281,1307.349999999999909,4528.584399414062318,124301.260546874997090
15,0,12141458.512199999764562,4348713.879639999940991,1308.549999999999955,4659.908025568181984,124267.497265625002910
16,0,12141613.225099999457598,4348716.438849999569356,1311.500000000000000,4792.939275568181984,124233.862109374997090
17,0,12141767.938200000673532,4348718.996209999546409,1319.349999999999909,4927.559374999999818,124200.048437499994179
18,0,12141922.651499999687076,4348721.551730000413954,1323.750000000000000,5055.129248046874636,124167.155894886367605
19,0,12142077.365000000223517,4348724.105410000309348,1317.909090909090992,5183.900317382812318,124125.091619318176527
20,0,12142232.078700000420213,4348726.657250000163913,1322.869565217391255,5311.655444335937318,124092.099218749994179
21,0,12142386.792500000447035,4348729.207259999588132,1316.599999999999909,5437.839820498511472,124052.608593750002910
22,0,12142541.506500000134110,4348731.755420000292361,1311.299999999999955,5567.619628906250000,123995.458984375000000
23,0,12142696.220699999481440,4348734.301740000024438,1321.200000000000045,5700.769287109375000,123961.685546875000000
24,0,12142850.935000000521541,4348736.846219999715686,1324.650000000000091,5820.592285156250000,123928.051562499997090
25,0,12143005.649599999189377,4348739.388860000297427,1328.150000000000091,5933.156860351562500,123890.866536458328483
26,0,12143160.364299999549985,4348741.929659999907017,1326.625000000000000,6059.607397460937136,123853.790234375002910
27,0,12143315.079199999570847,4348744.468620000407100,1336.250000000000000,6187.110278320312318,123820.106640625002910
28,0,12143469.794199999421835,4348747.005739999935031,1329.849999999999909,6328.519958496093750,123786.290234375002910
29,0,12143624.509500000625849,4348749.541020000353456,1333.049999999999955,6471.013647460937136,123752.638671875000000
30,0,12143779.224899999797344,4348752.074459999799728,1336.450000000000045,6601.477978515625182,123718.884374999994179
31,0,12143933.940500000491738,4348754.606049999594688,1331.250000000000000,6732.756103515625000,123681.742838541671517
32,0,12144088.656199999153614,4348757.135809999890625,1330.043478260869506,6864.801440429687318,123644.730859375005821
33,0,12144243.372199999168515,4348759.663730000145733,1326.285714285714221,6997.570532226562136,123596.291666666671517
34,0,12144398.088300000876188,4348762.189810000360012,1326.950000000000045,7139.547962535511033,123547.974218749994179
35,0,12144552.804600000381470,4348764.714039999991655,1334.450000000000045,7283.308038884943016,123514.302343749994179
36,0,12144707.520999999716878,4348767.236440000124276,1326.349999999999909,7419.596563430059177,123480.482031249994179
37,0,12144862.237700000405312,4348769.757000000216067,1336.599999999999909,7548.004711914062682,123447.953497023816453
38,0,12145016.954500000923872,4348772.275709999725223,1336.809523809523853,7683.610522460937318,123407.366168478256441
39,0,12145171.671499999240041,4348774.792589999735355,1336.521739130434753,7819.742138671875182,123373.380468749994179
40,0,12145326.388699999079108,4348777.307620000094175,1338.000000000000000,7956.372485351562318,123340.274999999994179
41,0,12145481.106000000610948,4348779.820820000022650,1341.150000000000091,8107.220092773437500,123307.251171875002910
42,0,12145635.823499999940395,4348782.332170000299811,1345.049999999999955,8258.592773437500000,123273.712109375002910
43,0,12145790.541200000792742,4348784.841679999604821,1348.500000000000000,8396.657177734374272,123239.887109375005821
44,0,12145945.259099999442697,4348787.349360000342131,1351.000000000000000,8535.124316406250728,123202.841796875000000
45,0,12146099.977099999785423,4348789.855189999565482,1355.625000000000000,8673.975146484375728,123148.198437500002910
46,0,12146254.695299999788404,4348792.359179999679327,1350.849999999999909,8813.191406250000000,123102.719140625005821
47,0,12146409.413699999451637,4348794.861329999752343,1353.150000000000091,8966.737019856771440,123069.084375000005821
48,0,12146564.132200000807643,4348797.361650000326335,1353.799999999999955,9114.292431640624272,123035.289453125005821
49,0,12146718.850999999791384,4348799.860120000317693,1342.750000000000000,9250.444970703125364,123001.544921875000000
50,0,12146873.569900000467896,4348802.356750000268221,1341.450000000000045,9391.178222656250000,122967.163043478256441
51,0,12147028.289000000804663,4348804.851540000177920,1334.304347826086996,9532.194287109374272,122926.206473214289872
52,0,12147183.008199999108911,4348807.344490000046790,1335.380952380952294,9673.480419921874272,122893.663281250002910
53,0,12147337.727600000798702,4348809.835599999874830,1329.500000000000000,9823.644442471590082,122859.933984375005821
54,0,12147492.447200000286102,4348812.324860000051558,1327.000000000000000,9976.576216264204049,122826.141796875002910
55,0,12147647.166999999433756,4348814.812289999797940,1328.400000000000091,10127.280908203125364,122792.505468749994179
56,0,12147801.886900000274181,4348817.297880000434816,1329.349999999999909,10269.533740234375728,122759.837053571434808
57,0,12147956.607000000774860,4348819.781630000099540,1328.450000000000045,10411.835791015624636,122703.711616847824189
58,0,12148111.327299999073148,4348822.263530000112951,1327.833333333333258,10554.184863281250728,122655.346093750005821
59,0,12148266.047800000756979,4348824.743599999696016,1325.500000000000000,10696.696435546875364,122621.521093749994179
60,0,12148420.768400000408292,4348827.221830000169575,1327.049999999999955,10849.151367187500000,122587.846093750005821
61,0,12148575.489199999719858,4348829.698210000060499,1325.400000000000091,11001.927587890624636,122554.343750000000000
62,0,12148730.210200000554323,4348832.172749999910593,1323.150000000000091,11145.174267578124272,122521.018359374997090
63,0,12148884.931299999356270,4348834.645460000261664,1325.599999999999909,11288.596386718749272,122484.564127604171517
64,0,12149039.652599999681115,4348837.116320000030100,1323.916666666666742,11432.187207031249272,122448.314843750005821
65,0,12149194.374099999666214,4348839.585339999757707,1325.299999999999955,11575.940820312500364,122415.547656249997090
66,0,12149349.095799999311566,4348842.052529999986291,1323.500000000000000,11731.664869225543953,122382.955468750005821
67,0,12149503.817600000649691,4348844.517869999632239,1325.000000000000000,11888.029017857143117,122350.538281250002910
68,0,12149658.539599999785423,4348846.981370000168681,1326.428571428571331,12036.976513671874272,122318.296875000000000
69,0,12149813.261800000444055,4348849.443029999732971,1328.200000000000045,12181.350488281250364,122276.002377717391937
70,0,12149967.984099999070168,4348851.902850000187755,1328.181818181818244,12325.858837890624272,122217.735440340911737
71,0,12150122.706599999219179,4348854.360829999670386,1330.500000000000000,12470.497070312500000,122186.977343749997090
72,0,12150277.429300000891089,4348856.816970000043511,1334.000000000000000,12618.416237571022066,122155.465624999997090
73,0,12150432.152200000360608,4348859.271270000375807,1334.500000000000000,12769.609757133152016,122124.131250000005821
74,0,12150586.875199999660254,4348861.723720000125468,1338.400000000000091,12926.573144531250364,122092.972656250000000
75,0,12150741.598400000482798,4348864.174340000376105,1341.750000000000000,13071.793798828124636,122063.205357142855064
76,0,12150896.321799999102950,4348866.623119999654591,1344.190476190476147,13217.121044921874272,122025.533288043472567
77,0,12151051.045299999415874,4348869.070050000213087,1344.608695652173992,13362.551904296875364,121994.449999999997090
78,0,12151205.768999999389052,4348871.515150000341237,1343.849999999999909,13508.082373046874636,121964.033203125000000
79,0,12151360.492900000885129,4348873.958399999886751,1346.400000000000091,13668.279296875000000,121933.793359375005821
80,0,12151515.216900000348687,4348876.399810000322759,1339.904761904761926,13828.585888671874272,121903.730078124994179
81,0,12151669.941099999472499,4348878.839390000328422,1342.200000000000045,13974.415478515624272,121869.775669642855064
82,0,12151824.665500000119209,4348881.277119999751449,1345.099999999999909,14120.332275390625000,121811.767903645828483
83,0,12151979.390000000596046,4348883.713010000064969,1343.958333333333258,14266.333935546874272,121779.301953125002910
84,0,12152134.114800000563264,4348886.147060000337660,1344.549999999999955,14414.404901413690823,121749.884374999994179
85,0,12152288.839700000360608,4348888.579269999638200,1343.099999999999909,14563.781334918478024,121720.467578124997090
86,0,12152443.564699999988079,4348891.009639999829233,1346.150000000000091,14722.828683035713766,121691.050390624994179
87,0,12152598.289899999275804,4348893.438169999979436,1347.500000000000000,14855.158447265625000,121661.704296875002910
88,0,12152753.015300000086427,4348895.864860000088811,1347.200000000000045,14809.854492187500000,121633.627485795455868
89,0,12152907.740900000557303,4348898.289710000157356,1345.636363636363740,14722.238281250000000,121596.669744318176527
90,0,12153062.466600000858307,4348900.712709999643266,1343.636363636363740,14635.634765625000000,121568.992187500000000
91,0,12153217.192500000819564,4348903.133879999630153,1343.849999999999909,14549.410853794643117,121540.395312499997090
92,0,12153371.918600000441074,4348905.553199999965727,1344.599999999999909,14453.720108695652016,121511.973437499997090
93,0,12153526.644799999892712,4348907.970689999870956,1345.000000000000000,14365.379296875000364,121483.733203124997090
94,0,12153681.371200000867248,4348910.386330000124872,1342.700000000000045,14282.395458984374272,121432.091015625002910
95,0,12153836.097799999639392,4348912.800139999948442,1343.349999999999909,14200.398828125000364,121395.530598958328483
96,0,12153990.824500000104308,4348915.212100000120699,1342.333333333333258,14119.519482421874272,121365.074218750000000
97,0,12154145.551400000229478,4348917.622220000252128,1343.099999999999909,14022.929920014881645,121337.570703125005821
98,0,12154300.278500000014901,4348920.030500000342727,1342.599999999999909,13927.787597656250000,121309.867187500000000
99,0,12154455.005699999630451,4348922.436940000392497,1339.150000000000091,13842.653222656250364,121282.134765625000000
100,0,12154609.733100000768900,4348924.841540000401437,1337.500000000000000,13766.537402343750728,121254.582812499997090
101,0,12154764.460699999704957,4348927.244300000369549,1338.099999999999909,13691.641992187500364,121224.485026041671517
102,0,12154919.188400000333786,4348929.645220000296831,1339.583333333333258,13615.986181640624636,121194.598437499997090
103,0,12155073.916300000622869,4348932.044289999641478,1340.099999999999909,13533.359521484375364,121167.621093750000000
104,0,12155228.644400000572205,4348934.441530000418425,1338.849999999999909,13446.062160326086087,121140.821484375002910
105,0,12155383.372600000351667,4348936.836919999681413,1336.250000000000000,13353.812546502977057,121113.976562500000000
106,0,12155538.100999999791384,4348939.230480000376701,1340.150000000000091,13273.365625000000364,121077.418898809526581
107,0,12155692.829600000753999,4348941.622189999558032,1336.200000000000045,13194.648291015624636,121030.846590909088263
108,0,12155847.558299999684095,4348944.012070000171661,1332.818181818181756,13117.173779296874272,120995.505326704544132
109,0,12156002.287200000137091,4348946.400100000202656,1331.545454545454504,13032.211030505952294,120969.409765624994179
110,0,12156157.016300000250340,4348948.786290000192821,1331.599999999999909,12939.986718750000364,120942.306249999994179
111,0,12156311.745500000193715,4348951.170640000142157,1328.099999999999909,12858.947021484375000,120915.383203125005821
112,0,12156466.474899999797344,4348953.553150000050664,1331.700000000000045,12779.474609375000000,120888.613281250000000
113,0,12156621.204500000923872,4348955.933819999918342,1331.450000000000045,12708.677392578125364,120861.724609375000000
114,0,12156775.934200000017881,4348958.312649999745190,1329.049999999999955,12639.263525390624636,120832.252929687500000
115,0,12156930.664100000634789,4348960.689629999920726,1326.625000000000000,12571.256494140625364,120802.696093749997090
116,0,12157085.394099999219179,4348963.064779999665916,1326.000000000000000,12504.678906249999272,120775.358984374994179
117,0,12157240.124399999156594,4348965.438079999759793,1326.700000000000045,12433.149251302083940,120747.727343749997090
118,0,12157394.854800000786781,4348967.809550000354648,1324.349999999999909,12363.353417968750364,120720.276562500002910
119,0,12157549.585300000384450,4348970.179170000366867,1327.049999999999955,12301.504492187499636,120669.402734375005821
120,0,12157704.315999999642372,4348972.546950000338256,1321.000000000000000,12241.181298828125364,120633.708658854171517
121,0,12157859.046900000423193,4348974.912899999879301,1316.208333333333258,12182.406298828125728,120604.128515624994179
122,0,12158013.777899999171495,4348977.276999999769032,1314.000000000000000,12106.536969866070649,120577.353515625000000
123,0,12158168.509099999442697,4348979.639259999617934,1312.349999999999909,12041.239657315340082,120550.402734375005821
124,0,12158323.240499999374151,4348981.999680000357330,1310.750000000000000,11977.286976207386033,120522.867578125005821
125,0,12158477.971999999135733,4348984.358249999582767,1308.599999999999909,11924.770214843749272,120495.291796874997090
126,0,12158632.703700000420213,4348986.714990000240505,1312.500000000000000,11874.285302734375364,120469.089843750000000
127,0,12158787.435599999502301,4348989.069889999926090,1308.818181818181756,11825.487646484374636,120434.056107954544132
128,0,12158942.167600000277162,4348991.422939999960363,1304.863636363636260,11778.397998046875728,120408.258593749997090
129,0,12159096.899800000712276,4348993.774159999564290,1304.450000000000045,11733.829194568452294,120381.441015624994179
130,0,12159251.632200000807643,4348996.123530000448227,1303.047619047619037,11682.390709918478024,120354.619531250005821
131,0,12159406.364700000733137,4348998.471060000360012,1307.700000000000045,11639.427685546874272,120323.488467261908227
132,0,12159561.097300000488758,4349000.816750000230968,1303.200000000000045,11599.731787109374636,120270.393750000002910
133,0,12159715.830199999734759,4349003.160609999671578,1299.599999999999909,11561.845996093750728,120240.132486979171517
134,0,12159870.563200000673532,4349005.502620000392199,1300.583333333333258,11522.163085937500000,120210.083203125002910
135,0,12160025.296299999579787,4349007.842779999598861,1300.000000000000000,11452.752464657738528,120182.958984375000000
136,0,12160180.029699999839067,4349010.181110000237823,1302.799999999999955,11400.761108398437500,120156.015625000000000
137,0,12160334.763199999928474,4349012.517599999904633,1299.650000000000091,11355.156396484375364,120129.241015624997090
138,0,12160489.496799999848008,4349014.852239999920130,1300.799999999999955,11315.656445312499272,120102.362109374997090
139,0,12160644.230599999427795,4349017.185050000436604,1295.849999999999909,11278.013183593750000,120072.877604166671517
140,0,12160798.964600000530481,4349019.516010000370443,1290.500000000000000,11242.245654296875728,120043.336328125005821
141,0,12160953.698699999600649,4349021.845130000263453,1291.099999999999909,11208.371582031250000,120016.098437499997090
142,0,12161108.433000000193715,4349024.172419999726117,1293.099999999999909,11175.934315557065929,119988.446484375002910
143,0,12161263.167500000447035,4349026.497859999537468,1291.904761904761926,11139.329334077381645,119960.971875000002910
144,0,12161417.902100000530481,4349028.821460000239313,1293.200000000000045,11112.893554687500000,119924.287574404763291
145,0,12161572.636900000274181,4349031.143210000358522,1291.450000000000045,11087.150439453125728,119878.394345238091773
146,0,12161727.371799999848008,4349033.463130000047386,1287.142857142857110,11063.381445312499636,119844.932744565216126
147,0,12161882.106899999082088,4349035.781209999695420,1284.565217391304259,11037.667643229166060,119817.987109374997090
148,0,12162036.842199999839067,4349038.097439999692142,1289.500000000000000,10992.052294921875728,119791.069140624997090
149,0,12162191.577600000426173,4349040.411840000189841,1281.750000000000000,10972.595703125000000,119763.604296874997090
150,0,12162346.313200000673532,4349042.724390000104904,1279.750000000000000,10955.515380859375000,119736.003125000002910
151,0,12162501.048900000751019,4349045.035099999979138,1279.549999999999955,10942.157958984375000,119708.582812499997090
152,0,12162655.784800000488758,4349047.343980000354350,1277.299999999999955,10930.842626953124636,119678.634765625000000
153,0,12162810.520899999886751,4349049.651010000146925,1275.166666666666742,10921.575927734375000,119648.898828125005821
154,0,12162965.257099999114871,4349051.956190000288188,1276.349999999999909,10914.363183593750364,119622.061718750002910
155,0,12163119.993499999865890,4349054.259539999999106,1274.150000000000091,10908.843831380208940,119595.262499999997090
156,0,12163274.730100000277162,4349056.561049999669194,1273.049999999999955,10905.742773437499636,119568.227734375002910
157,0,12163429.466800000518560,4349058.860709999687970,1271.900000000000091,10905.049414062499636,119531.218750000000000
158,0,12163584.203600000590086,4349061.158540000207722,1270.450000000000045,10906.114160156250364,119480.834960937500000
159,0,12163738.940600000321865,4349063.454520000144839,1272.250000000000000,10909.208203124999272,119450.759765625000000
160,0,12163893.677799999713898,4349065.748660000041127,1272.000000000000000,10910.917410714286234,119423.613281250000000
161,0,12164048.415200000628829,4349068.040970000438392,1272.150000000000091,10894.820312500000000,119396.650390625000000
162,0,12164203.152699999511242,4349070.331430000253022,1272.200000000000045,10899.737881747159918,119369.864843749994179
163,0,12164357.890300000086427,4349072.620040000416338,1274.049999999999955,10914.775390625000000,119343.003125000002910
164,0,12164512.628100000321865,4349074.906820000149310,1275.500000000000000,10928.577978515624636,119317.398792613632395
165,0,12164667.366100000217557,4349077.191759999841452,1274.181818181818244,10944.419384765624272,119282.763494318176527
166,0,12164822.104199999943376,4349079.474849999882281,1276.136363636363740,10962.290576171875728,119256.825390625002910
167,0,12164976.842499999329448,4349081.756110000424087,1271.000000000000000,10982.181542968750364,119229.168749999997090
168,0,12165131.581000000238419,4349084.035520000383258,1267.250000000000000,11006.418090820312500,119201.669921875000000
169,0,12165286.319599999114871,4349086.313090000301600,1272.666666666666742,11032.996191406249636,119174.354296874997090
170,0,12165441.058399999514222,4349088.588829999789596,1272.650000000000091,11059.272216796875000,119141.319140624997090
171,0,12165595.797299999743700,4349090.862710000015795,1270.950000000000045,11087.515478515624636,119088.072591145828483
172,0,12165750.536399999633431,4349093.134759999811649,1272.166666666666742,11117.710888671874272,119058.616796874994179
173,0,12165905.275599999353290,4349095.404969999566674,1278.799999999999955,11149.842822265625728,119031.723046875005821
174,0,12166060.015000000596046,4349097.673340000212193,1278.750000000000000,11158.279134114583940,119004.344140625005821
175,0,12166214.754599999636412,4349099.939860000275075,1272.099999999999909,11198.208837890624636,118976.717578124997090
176,0,12166369.494300000369549,4349102.204549999907613,1272.500000000000000,11236.519775390625000,118949.275390625000000
177,0,12166524.234099999070168,4349104.467389999888837,1280.750000000000000,11276.695947265625364,118919.301432291671517
178,0,12166678.974199999123812,4349106.728389999829233,1284.541666666666742,11318.717773437500000,118889.543359375005821
179,0,12166833.714400000870228,4349108.987549999728799,1282.700000000000045,11362.564160156249272,118862.685156249994179
180,0,12166988.454700000584126,4349111.244869999587536,1277.799999999999955,11413.744862432065929,118835.900781250005821
181,0,12167143.195199999958277,4349113.500350000336766,1283.900000000000091,11461.490559895833940,118808.916796874997090
182,0,12167297.935799999162555,4349115.753979999572039,1284.047619047619037,11512.297314453124272,118781.340624999997090
183,0,12167452.676599999889731,4349118.005780000239611,1280.900000000000091,11516.339550781249272,118753.694940476183547
184,0,12167607.417600000277162,4349120.255730000324547,1283.047619047619037,11425.036523437500364,118691.652853260864504
185,0,12167762.158700000494719,4349122.503840000368655,1284.347826086956502,11331.503271484374636,118664.271875000005821
186,0,12167916.900000000372529,4349124.750110000371933,1287.900000000000091,11238.287155877977057,118637.287890624997090
187,0,12168071.641400000080466,4349126.994540000334382,1287.599999999999909,11118.404500325521440,118610.485937499994179
188,0,12168226.382999999448657,4349129.237130000256002,1283.849999999999909,11016.414550781250000,118583.644531250000000
189,0,12168381.124800000339746,4349131.477880000136793,1279.349999999999909,10928.032519531250728,118556.794140625002910
190,0,12168535.866699999198318,4349133.716789999976754,1284.299999999999955,10841.005517578125364,118527.310546875000000
191,0,12168690.608699999749660,4349135.953850000165403,1286.000000000000000,10755.366503906250728,118497.540624999994179
192,0,12168845.350899999961257,4349138.189070000313222,1287.500000000000000,10671.148779296874636,118469.894140624994179
193,0,12169000.093299999833107,4349140.422460000030696,1285.750000000000000,10579.602945963541060,118442.372265625002910
194,0,12169154.835799999535084,4349142.654000000096858,1284.000000000000000,10489.024121093749272,118415.032031249997090
195,0,12169309.578500000759959,4349144.883700000122190,1285.142857142857110,10408.272363281250364,118366.939843750005821
196,0,12169464.321299999952316,4349147.111560000106692,1286.200000000000045,10329.067773437500364,118281.227539062500000
197,0,12169619.064300000667572,4349149.337570000439882,1291.000000000000000,10251.446142578124636,118174.790624999994179
198,0,12169773.807399999350309,4349151.561750000342727,1290.099999999999909,10175.443798828124272,118091.672656249997090
199,0,12169928.550699999555945,4349153.784079999662936,1287.700000000000045,10097.087763247282055,118013.815234374997090
200,0,12170083.294199999421835,4349156.004580000415444,1291.500000000000000,10001.680797230113967,117936.097265624994179
201,0,12170238.037799999117851,4349158.223229999653995,1290.099999999999909,9916.989453124999272,117858.519531250000000
202,0,12170392.781500000506639,4349160.440039999783039,1286.099999999999909,9848.004150390625000,117779.200284090911737
203,0,12170547.525399999693036,4349162.655009999871254,1288.636363636363740,9780.579541015624272,117690.215909090911737
204,0,12170702.269500000402331,4349164.868130000308156,1293.090909090909008,9713.752734375000728,117611.211328125005821
205,0,12170857.013699999079108,4349167.079420000314713,1293.000000000000000,9648.445507812499272,117534.222656250000000
206,0,12171011.758099999278784,4349169.288859999738634,1291.250000000000000,9578.842122395833940,117457.376171875002910
207,0,12171166.502599999308586,4349171.496469999663532,1292.250000000000000,9511.520166015625364,117380.669140625002910
208,0,12171321.247300000861287,4349173.702229999937117,1291.450000000000045,9452.434814453125000,117304.105859375005821
209,0,12171475.992100000381470,4349175.906150000169873,1290.950000000000045,9395.372900390624636,117220.050455729171517
210,0,12171630.737099999561906,4349178.108230000361800,1294.958333333333258,9340.371484375000364,117127.436755952381645
211,0,12171785.482200000435114,4349180.308469999581575,1291.299999999999955,9287.467041015625000,117034.194921874994179
212,0,12171940.227499999105930,4349182.506860000081360,1291.049999999999955,9231.777303059896440,116958.211718749997090
213,0,12172094.972899999469519,4349184.703420000150800,1294.650000000000091,9178.552636718750364,116882.372656249994179
214,0,12172249.718499999493361,4349186.898129999637604,1292.650000000000091,9107.199730282738528,116806.674609374997090
215,0,12172404.464299999177456,4349189.091000000014901,1295.750000000000000,9057.575097656250364,116723.577148437500000
216,0,12172559.210100000724196,4349191.282039999961853,1298.583333333333258,9014.497851562500728,116640.648437500000000
217,0,12172713.956199999898672,4349193.471219999715686,1289.450000000000045,8973.721533203124636,116565.412109375000000
218,0,12172868.702400000765920,4349195.658569999970496,1294.799999999999955,8934.303795855978024,116490.321484375002910
219,0,12173023.448699999600649,4349197.844080000184476,1295.700000000000045,8890.403227306547706,116415.375000000000000
220,0,12173178.195199999958277,4349200.027739999815822,1295.299999999999955,8856.211962890625728,116340.572265625000000
221,0,12173332.941899999976158,4349202.209569999948144,1294.799999999999955,8823.377880859374272,116261.780570652175811
222,0,12173487.688699999824166,4349204.389550000429153,1294.217391304347757,8792.980224609375000,116176.788690476183547
223,0,12173642.435699999332428,4349206.567689999938011,1290.818181818181756,8765.044433593750000,116102.186718750002910
224,0,12173797.182800000533462,4349208.743990000337362,1294.349999999999909,8741.037760416666060,116014.954985119053163
225,0,12173951.929999999701977,4349210.918449999764562,1296.599999999999909,8712.134935461956047,115927.857421875000000
226,0,12174106.677400000393391,4349213.091059999540448,1298.099999999999909,8692.457470703124272,115853.945312500000000
227,0,12174261.425000000745058,4349215.261839999817312,1299.750000000000000,8670.248697916666060,115780.180078125005821
228,0,12174416.172700000926852,4349217.430770000442863,1293.549999999999955,8625.625537109375728,115699.210611979171517
229,0,12174570.920499999076128,4349219.597860000096262,1296.208333333333258,8609.176416015625364,115618.416406250005821
230,0,12174725.668600000441074,4349221.763109999708831,1298.799999999999955,8595.313916015624272,115545.123828124997090
231,0,12174880.416699999943376,4349223.926520000211895,1299.400000000000091,8583.115275065103560,115471.980078124994179
232,0,12175035.164999999105930,4349226.088089999742806,1299.250000000000000,8573.979443359374272,115398.985156249997090
233,0,12175189.913499999791384,4349228.247809999622405,1299.000000000000000,8568.466894531249636,115326.138281249994179
234,0,12175344.662100000306964,4349230.405700000002980,1296.799999999999955,8565.577929687500728,115246.182617187500000
235,0,12175499.410900000482798,4349232.561739999800920,1300.583333333333258,8565.052587890624636,115166.401171874997090
236,0,12175654.159800000488758,4349234.715939999558032,1301.952380952380963,8566.418359375000364,115094.033984374997090
237,0,12175808.908800000324845,4349236.868300000205636,1305.250000000000000,8572.770592730978024,115021.816406250000000
238,0,12175963.657999999821186,4349239.018819999881089,1304.599999999999909,8576.181361607143117,114932.260416666671517
239,0,12176118.407400000840425,4349241.167489999905229,1306.400000000000091,8588.243164062500000,114851.495703124994179
240,0,12176273.156899999827147,4349243.314330000430346,1302.099999999999909,8600.547753906250364,114778.200639204544132
241,0,12176427.906500000506639,4349245.459320000372827,1306.363636363636260,8609.486230468750364,114695.281960227279342
242,0,12176582.656300000846386,4349247.602470000274479,1305.227272727272748,8603.163085937500000,114622.325390625002910
243,0,12176737.406300000846386,4349249.743780000135303,1309.000000000000000,8626.023437500000000,114551.027343750000000
244,0,12176892.156400000676513,4349251.883249999955297,1310.599999999999909,8646.985776154891937,114479.882031250002910
245,0,12177046.906600000336766,4349254.020879999734461,1308.799999999999955,8676.497167968749636,114408.889453124997090
246,0,12177201.656999999657273,4349256.156659999862313,1311.200000000000045,8704.717138671874636,114337.918526785710128
247,0,12177356.407600000500679,4349258.290609999559820,1311.428571428571331,8734.134228515624272,114257.043138586959685
248,0,12177511.158299999311566,4349260.422709999606013,1311.782608695652243,8764.735986328125364,114182.739843749994179
249,0,12177665.909099999815226,4349262.552969999611378,1315.500000000000000,8797.788916015624636,114112.389062500005821
250,0,12177820.660099999979138,4349264.681389999575913,1311.299999999999955,8836.989501953125000,114042.193359375000000
251,0,12177975.411199999973178,4349266.807970000430942,1311.250000000000000,8878.996435546874636,113972.151953124994179
252,0,12178130.162499999627471,4349268.932699999772012,1314.200000000000045,8919.701367187499272,113886.332031250000000
253,0,12178284.914000000804663,4349271.055599999614060,1318.700000000000045,8962.732177734375000,113799.000325520828483
254,0,12178439.665500000119209,4349273.176649999804795,1318.583333333333258,9008.055371093749272,113722.470312499994179
255,0,12178594.417300000786781,4349275.295859999954700,1318.799999999999955,9052.744652157738528,113653.063281249997090
256,0,12178749.169099999591708,4349277.413230000063777,1318.650000000000091,9080.003609035326008,113583.811718750002910
257,0,12178903.921199999749660,4349279.528760000132024,1315.849999999999909,9130.207356770833940,113514.716015625002910
258,0,12179058.673299999907613,4349281.642439999617636,1317.950000000000045,9185.496240234375364,113445.776953124994179
259,0,12179213.425599999725819,4349283.754289999604225,1317.500000000000000,9239.471484375000728,113373.359714673919370
260,0,12179368.178099999204278,4349285.864289999939501,1315.000000000000000,9295.554052734374636,113294.715029761908227
261,0,12179522.930700000375509,4349287.972450000233948,1313.761904761904816,9353.706201171875364,113226.224218749994179
262,0,12179677.683399999514222,4349290.078769999556243,1316.599999999999909,9417.599888392856883,113157.943750000005821
263,0,12139134.501199999824166,4348795.200950000435114,1297.250000000000000,2976.817016601562500,124700.352539062500000
264,0,12139289.213800000026822,4348797.787849999964237,1296.291666666666742,3040.214297340029589,124663.343750000000000
265,0,12139443.926599999889731,4348800.372919999994338,1296.950000000000045,3120.286083984375182,124629.526562500002910
266,0,12139598.639599999412894,4348802.956140000373125,1298.750000000000000,3219.219537908380516,124595.816015624994179
267,0,12139753.352800000458956,4348805.537530000321567,1293.849999999999909,3320.131170099431984,124562.149609375002910
268,0,12139908.066099999472499,4348808.117069999687374,1293.150000000000091,3428.135144042968932,124528.328125000000000
269,0,12140062.779699999839067,4348810.694779999554157,1294.250000000000000,3532.170837402343750,124495.485085227279342
270,0,12140217.493400000035763,4348813.270639999769628,1294.636363636363740,3638.650524902343932,124453.352272727279342
271,0,12140372.207299999892712,4348815.844669999554753,1296.304347826086996,3747.700476074218841,124420.403124999997090
272,0,12140526.921299999579787,4348818.416849999688566,1300.450000000000045,3864.134265718005736,124386.816406250000000
273,0,12140681.635600000619888,4348820.987189999781549,1298.400000000000091,3986.664858610733518,124324.153124999997090
274,0,12140836.349999999627471,4348823.555689999833703,1300.799999999999955,4114.025561523437318,124290.901953124994179
275,0,12140991.064600000157952,4348826.122360000386834,1303.450000000000045,4233.359165736606883,124257.824999999997090
276,0,12141145.779400000348687,4348828.687180000357330,1306.950000000000045,4336.816284179687500,124221.403971354171517
277,0,12141300.494400000199676,4348831.250160000286996,1307.666666666666742,4460.096777343749636,124184.358984374994179
278,0,12141455.209499999880791,4348833.811300000175834,1311.549999999999955,4584.970166015625182,124150.563671875002910
279,0,12141609.924799999222159,4348836.370600000023842,1314.000000000000000,4724.044555664062500,124116.926953125002910
280,0,12141764.640300000086427,4348838.928059999831021,1313.250000000000000,4864.692041015625364,124083.137499999997090
281,0,12141919.356000000610948,4348841.483690000139177,1320.349999999999909,4993.836865234375182,124049.388281249994179
282,0,12142074.071799999102950,4348844.037469999864697,1321.000000000000000,5120.526220703124636,124012.365885416671517
283,0,12142228.787900000810623,4348846.589409999549389,1322.791666666666742,5241.144091796874818,123975.174218750005821
284,0,12142383.504100000485778,4348849.139510000124574,1318.380952380952294,5362.096679687500000,123932.132812500000000
285,0,12142538.220399999991059,4348851.687760000117123,1316.849999999999909,5495.241762907608972,123878.559374999997090
286,0,12142692.937000000849366,4348854.234179999679327,1318.400000000000091,5628.354538690476147,123844.753906250000000
287,0,12142847.653699999675155,4348856.778760000132024,1321.299999999999955,5750.243582589285325,123811.112500000002910
288,0,12143002.370600000023842,4348859.321499999612570,1329.849999999999909,5868.793652343750182,123778.458705357144936
289,0,12143157.087700000032783,4348861.862399999983609,1328.476190476190368,5996.601635742187682,123737.573369565216126
290,0,12143311.804999999701977,4348864.401449999772012,1332.391304347826008,6125.416210937500182,123703.191796875005821
291,0,12143466.522399999201298,4348866.938670000061393,1335.450000000000045,6255.175122070312682,123669.366796874994179
292,0,12143621.240000000223517,4348869.474050000309944,1324.349999999999909,6398.947428385416970,123635.686328124997090
293,0,12143775.957800000905991,4348872.007579999975860,1331.450000000000045,6543.691723632812682,123601.982812500005821
294,0,12143930.675799999386072,4348874.539280000142753,1326.900000000000091,6676.106420898437136,123568.176953125002910
295,0,12144085.393899999558926,4348877.069129999727011,1326.380952380952294,6809.250366210937500,123531.162760416671517
296,0,12144240.112199999392033,4348879.597149999812245,1329.125000000000000,6943.049536132812136,123476.457031250000000
297,0,12144394.830700000748038,4348882.123320000246167,1324.900000000000091,7077.212280273437500,123431.029687500005821
298,0,12144549.549399999901652,4348884.647660000249743,1329.799999999999955,7225.210245768229470,123397.385156250005821
299,0,12144704.268200000748038,4348887.170149999670684,1334.650000000000091,7363.757835751488528,123363.561328124997090
300,0,12144858.987199999392033,4348889.690799999982119,1337.299999999999955,7497.037255859375364,123329.869531250005821
301,0,12145013.706399999558926,4348892.209619999863207,1338.000000000000000,7633.548583984375000,123295.645040760864504
302,0,12145168.425799999386072,4348894.726590000092983,1335.913043478260761,7770.557202148437682,123255.218750000000000
303,0,12145323.145300000905991,4348897.241720000281930,1340.428571428571331,7908.037426757812682,123223.221875000002910
304,0,12145477.865000000223517,4348899.755010000430048,1339.650000000000091,8054.557306463068016,123190.222656250000000
305,0,12145632.584899999201298,4348902.266459999606013,1348.000000000000000,8203.428089488636033,123156.784375000002910
306,0,12145787.304999999701977,4348904.776069999672472,1349.450000000000045,8350.870947265624636,123122.972265624994179
307,0,12145942.025200000032783,4348907.283839999698102,1353.000000000000000,8490.085009765625728,123090.077059659088263
308,0,12146096.745600000023842,4348909.789769999682903,1356.523809523809632,8629.660498046874636,123029.923233695648378
309,0,12146251.466199999675155,4348912.293859999626875,1350.434782608695741,8769.580078125000000,122985.790624999994179
310,0,12146406.187000000849366,4348914.796110000461340,1349.500000000000000,8909.827880859375000,122952.139453124997090
311,0,12146560.907899999991059,4348917.296509999781847,1346.700000000000045,9057.936289062499782,122918.384765625000000
312,0,12146715.629000000655651,4348919.795079999603331,1344.349999999999909,9209.295654296875000,122884.607812500005821
313,0,12146870.350299999117851,4348922.291810000315309,1337.500000000000000,9350.648388671874272,122850.974218749994179
314,0,12147025.071699999272823,4348924.786690000444651,1332.049999999999955,9492.266650390625728,122813.790364583328483
315,0,12147179.793299999088049,4348927.279740000143647,1327.791666666666742,9634.138281249999636,122776.711718749997090
316,0,12147334.515100000426173,4348929.770940000191331,1323.849999999999909,9776.252587890625364,122743.030078124997090
317,0,12147489.237099999561906,4348932.260309999808669,1328.799999999999955,9932.748819986978560,122709.213281250005821
318,0,12147643.959200000390410,4348934.747829999774694,1329.250000000000000,10089.293652343749272,122675.560937500005821
319,0,12147798.681600000709295,4348937.233509999699891,1329.571428571428669,10231.696582031250728,122641.809765625002910
320,0,12147953.403999999165535,4348939.717360000126064,1326.099999999999909,10374.300634765624636,122592.927309782608063
321,0,12148108.126700000837445,4348942.199359999969602,1326.636363636363740,10517.110449218749636,122537.599786931823473
322,0,12148262.849500000476837,4348944.679519999772310,1328.500000000000000,10660.117724609375728,122504.602734375002910
323,0,12148417.572499999776483,4348947.157840000465512,1324.549999999999955,10803.222567471590082,122470.896093749994179
324,0,12148572.295700000599027,4348949.634320000186563,1324.650000000000091,10954.888162364130039,122437.363281250000000
325,0,12148727.019099999219179,4348952.108959999866784,1326.750000000000000,11110.396337890624636,122404.004687499997090
326,0,12148881.742599999532104,4348954.581760000437498,1324.450000000000045,11254.261523437500728,122371.966517857144936
327,0,12149036.466299999505281,4348957.052720000036061,1323.523809523809632,11398.285058593750364,122331.899116847824189
328,0,12149191.190099999308586,4348959.521829999983311,1322.652173913043498,11542.460742187500728,122298.432421874997090
329,0,12149345.914200000464916,4348961.989110000431538,1322.349999999999909,11686.783154296874272,122265.809374999997090
330,0,12149500.638399999588728,4348964.454549999907613,1329.000000000000000,11845.703165690103560,122233.361328125000000
331,0,12149655.362700000405312,4348966.918139999732375,1325.349999999999909,12004.782324218749636,122201.088671874997090
332,0,12149810.087300000712276,4348969.379900000058115,1328.299999999999955,12149.539062500000000,122154.336309523816453
333,0,12149964.812000000849366,4348971.839809999801219,1329.849999999999909,12294.421289062500364,122104.575195312500000
334,0,12150119.536900000646710,4348974.297880000434816,1330.708333333333258,12439.424902343749636,122069.673828125000000
335,0,12150274.261900000274181,4348976.754119999706745,1333.950000000000045,12580.803850446429351,122038.132031250002910
336,0,12150428.987199999392033,4348979.208510000258684,1336.700000000000045,12734.210470448369961,122006.767187499994179
337,0,12150583.712600000202656,4348981.661059999838471,1338.500000000000000,12892.199776785713766,121975.576953124997090
338,0,12150738.438100000843406,4348984.111770000308752,1341.349999999999909,13042.430371093749272,121944.565625000002910
339,0,12150893.163899999111891,4348986.560639999806881,1344.049999999999955,13188.081249999999272,121913.242527173919370
340,0,12151047.889799999073148,4348989.007670000195503,1347.565217391304259,13333.828613281250000,121875.735863095236709
341,0,12151202.615800000727177,4348991.452859999611974,1347.571428571428669,13479.669384765624272,121846.514453124997090
342,0,12151357.342100000008941,4348993.896209999918938,1345.849999999999909,13630.262974330356883,121816.244921874997090
343,0,12151512.068499999120831,4348996.337720000185072,1342.761904761904816,13788.953422214673992,121786.153124999997090
344,0,12151666.795099999755621,4348998.777379999868572,1341.150000000000091,13946.952587890624272,121746.853050595236709
345,0,12151821.521800000220537,4349001.215210000053048,1345.349999999999909,14093.153710937500364,121697.093359374994179
346,0,12151976.248800000175834,4349003.651189999654889,1343.750000000000000,14239.434082031250000,121664.582356770828483
347,0,12152130.975899999961257,4349006.085339999757707,1343.875000000000000,14384.494677734375728,121632.215624999997090
348,0,12152285.703099999576807,4349008.517640000209212,1344.950000000000045,14525.779882812499636,121602.798437499994179
349,0,12152440.430500000715256,4349010.948110000230372,1346.650000000000091,14687.009277343750000,121573.381250000005821
350,0,12152595.158099999651313,4349013.376729999668896,1344.700000000000045,14790.553125000000364,121544.011718750000000
351,0,12152749.885900000110269,4349015.803509999997914,1345.000000000000000,14712.912304687499272,121514.814843750005821
352,0,12152904.613800000399351,4349018.228450000286102,1344.700000000000045,14624.715185546874636,121482.907877604171517
353,0,12153059.341900000348687,4349020.651549999602139,1345.833333333333258,14537.530810546875728,121451.209765624997090
354,0,12153214.070199999958277,4349023.072809999808669,1345.599999999999909,14451.377392578124272,121422.583984375000000
355,0,12153368.798599999397993,4349025.492229999974370,1344.666666666666742,14361.295388926630039,121394.136328124994179
356,0,12153523.527300000190735,4349027.909799999557436,1344.299999999999955,14266.167178199404589,121365.867578125005821
357,0,12153678.255999999120831,4349030.325539999641478,1344.200000000000045,14182.351123046875728,121312.347098214289872
358,0,12153832.984999999403954,4349032.739439999684691,1341.700000000000045,14099.777441406249636,121281.552201704544132
359,0,12153987.714099999517202,4349035.151490000076592,1342.409090909090992,14018.317724609374636,121245.950284090911737
360,0,12154142.443399999290705,4349037.561710000038147,1341.909090909090992,13917.138160342261472,121219.599609375000000
361,0,12154297.172800000756979,4349039.970080000348389,1340.400000000000091,13832.876627604166060,121191.951171875000000
362,0,12154451.902400000020862,4349042.376609999686480,1339.299999999999955,13744.073624320652016,121164.192968749994179
363,0,12154606.632200000807643,4349044.781299999915063,1338.549999999999955,13662.984667968750728,121136.613671875005821
364,0,12154761.362099999561906,4349047.184150000102818,1339.700000000000045,13587.518359375000728,121109.213671874997090
365,0,12154916.092199999839067,4349049.585160000249743,1337.599999999999909,13513.169335937500364,121079.282877604171517
366,0,12155070.822499999776483,4349051.984330000355840,1335.125000000000000,13433.637451171875000,121049.565234374997090
367,0,12155225.552999999374151,4349054.381660000421107,1341.099999999999909,13350.472607421874272,121022.741406250002910
368,0,12155380.283600000664592,4349056.777150000445545,1337.476190476190368,13260.371012369791060,120995.927734375000000
369,0,12155535.014299999922514,4349059.170800000429153,1336.599999999999909,13171.675390624999636,120954.104166666671517
370,0,12155689.745300000533462,4349061.562599999830127,1336.200000000000045,13092.346582031250364,120911.717578124997090
371,0,12155844.476399999111891,4349063.952569999732077,1336.450000000000045,13014.263037109374636,120881.453125000000000
372,0,12155999.207699999213219,4349066.340689999982715,1335.208333333333258,12927.095556640624636,120851.399609375002910
373,0,12156153.939099999144673,4349068.726970000192523,1334.400000000000091,12835.936181640625364,120824.269921875005821
374,0,12156308.670700000599027,4349071.111410000361502,1330.849999999999909,12757.540081521739921,120797.320703125005821
375,0,12156463.402499999850988,4349073.494020000100136,1331.099999999999909,12674.302129836309177,120770.542578124994179
376,0,12156618.134400000795722,4349075.874780000187457,1331.150000000000091,12602.716845703125728,120743.669140625002910
377,0,12156772.866499999538064,4349078.253700000233948,1327.750000000000000,12532.716406249999636,120718.076349431823473
378,0,12156927.598799999803305,4349080.630769999697804,1326.136363636363740,12464.127929687500000,120683.431463068176527
379,0,12157082.331199999898672,4349083.006009999662638,1330.272727272727252,12396.975195312499636,120657.421875000000000
380,0,12157237.063799999654293,4349085.379409999586642,1328.333333333333258,12331.373139880952294,120629.769140624994179
381,0,12157391.796499999240041,4349087.750959999859333,1324.799999999999955,12257.608653192934071,120602.291796874997090
382,0,12157546.529500000178814,4349090.120679999701679,1324.750000000000000,12192.005957031249636,120549.522693452381645
383,0,12157701.262599999085069,4349092.488549999892712,1322.500000000000000,12131.138232421875728,120518.368749999994179
384,0,12157855.995799999684095,4349094.854580000042915,1315.549999999999955,12071.827636718750000,120488.745442708328483
385,0,12158010.729199999943376,4349097.218779999762774,1313.916666666666742,11991.886914062499272,120459.290624999994179
386,0,12158165.462799999862909,4349099.581129999831319,1313.200000000000045,11930.089404296875728,120432.378515624994179
387,0,12158320.196499999612570,4349101.941639999859035,1309.049999999999955,11870.117187500000000,120404.928515624997090
388,0,12158474.930500000715256,4349104.300300000235438,1307.799999999999955,11812.084716796875000,120377.323828124994179
389,0,12158629.664499999955297,4349106.657130000181496,1308.150000000000091,11761.116015625000728,120349.901171874997090
390,0,12158784.398800000548363,4349109.012120000086725,1309.200000000000045,11711.846826171875364,120319.948893229171517
391,0,12158939.133199999108911,4349111.365260000340641,1306.375000000000000,11664.298535156249272,120290.207031250000000
392,0,12159093.867699999362230,4349113.716570000164211,1304.349999999999909,11618.492285156249636,120263.362500000002910
393,0,12159248.602399999275804,4349116.066030000336468,1304.000000000000000,11572.982039741847984,120236.568750000005821
394,0,12159403.337300000712276,4349118.413660000078380,1302.250000000000000,11523.079008556547706,120200.159226190473419
395,0,12159558.072399999946356,4349120.759440000168979,1302.450000000000045,11483.857324218750364,120152.445703125005821
396,0,12159712.807600000873208,4349123.103380000218749,1304.099999999999909,11445.587939453125728,120126.083806818176527
397,0,12159867.542999999597669,4349125.445480000227690,1303.590909090909008,11403.030319940477057,120090.883877840911737
398,0,12160022.278500000014901,4349127.785740000195801,1298.909090909090992,11333.934228515625364,120064.926171875005821
399,0,12160177.014200000092387,4349130.124149999581277,1298.000000000000000,11289.976562500000000,120037.956640624994179
400,0,12160331.750099999830127,4349132.460730000399053,1298.450000000000045,11243.769775390625000,120011.166406250005821
401,0,12160486.486099999397993,4349134.795470000244677,1299.500000000000000,11199.735742187500364,119984.310156249994179
402,0,12160641.222300000488758,4349137.128360000438988,1295.049999999999955,11161.701562500000364,119957.472265624994179
403,0,12160795.958599999547005,4349139.459409999661148,1296.400000000000091,11125.560205078125364,119927.978841145828483
404,0,12160950.695100000128150,4349141.788619999773800,1290.958333333333258,11091.329638671875728,119898.146093749994179
405,0,12161105.431800000369549,4349144.116000000387430,1291.799999999999955,11059.027734375000364,119870.491796874994179
406,0,12161260.168600000441074,4349146.441530000418425,1289.190476190476147,11025.779663085937500,119842.991015624997090
407,0,12161414.905600000172853,4349148.765209999866784,1289.349999999999909,10994.835302734374636,119803.868359375002910
408,0,12161569.642799999564886,4349151.087059999816120,1286.700000000000045,10968.815136718749272,119759.024218749997090
409,0,12161724.380100000649691,4349153.407069999724627,1285.799999999999955,10944.789160156249636,119729.377278645828483
410,0,12161879.117599999532104,4349155.725229999981821,1284.125000000000000,10913.368861607143117,119699.919531249994179
411,0,12162033.855200000107288,4349158.041559999808669,1283.650000000000091,10873.013085937500364,119673.029687500005821
412,0,12162188.593000000342727,4349160.356039999984205,1281.299999999999955,10856.806107954545951,119645.670312500005821
413,0,12162343.331000000238419,4349162.668680000118911,1278.450000000000045,10834.181640625000000,119618.040624999994179
414,0,12162498.069099999964237,4349164.979489999823272,1279.450000000000045,10822.570019531249272,119590.593359374994179
415,0,12162652.807399999350309,4349167.288440000265837,1281.599999999999909,10811.129589843749272,119564.531250000000000
416,0,12162807.545800000429153,4349169.595560000278056,1276.409090909090992,10801.760107421874636,119529.642045454544132
417,0,12162962.284399999305606,4349171.900840000249445,1275.227272727272748,10794.467285156250000,119503.987109374997090
418,0,12163117.023099999874830,4349174.204280000180006,1270.950000000000045,10791.292224702381645,119477.206640624994179
419,0,12163271.762099999934435,4349176.505870000459254,1273.333333333333258,10783.963612432065929,119450.230468750000000
420,0,12163426.501099999994040,4349178.805630000308156,1271.900000000000091,10785.050195312500364,119407.921130952381645
421,0,12163581.240399999544024,4349181.103539999574423,1272.500000000000000,10786.126562499999636,119365.605468750000000
422,0,12163735.979800000786781,4349183.399609999731183,1271.500000000000000,10789.255029296875364,119335.487630208328483
423,0,12163890.719299999997020,4349185.693839999847114,1272.125000000000000,10785.249069940477057,119305.583984375000000
424,0,12164045.459000000730157,4349187.986229999922216,1272.549999999999955,10771.806835937499272,119278.594140625005821
425,0,12164200.198899999260902,4349190.276779999956489,1269.849999999999909,10782.294230143228560,119251.785937499997090
426,0,12164354.938999999314547,4349192.565489999949932,1269.099999999999909,10795.217626953124636,119224.951953124997090
427,0,12164509.679099999368191,4349194.852350000292063,1270.049999999999955,10809.172851562500000,119198.096093750005821
428,0,12164664.419500000774860,4349197.137380000203848,1272.950000000000045,10825.188964843750000,119168.617513020828483
429,0,12164819.160000000149012,4349199.420560000464320,1273.916666666666742,10843.256591796875000,119138.857421875000000
430,0,12164973.900699999183416,4349201.701899999752641,1272.500000000000000,10863.365625000000364,119111.218750000000000
431,0,12165128.641499999910593,4349203.981399999931455,1274.549999999999955,10889.283627717391937,119083.693359375000000
432,0,12165283.382500000298023,4349206.259060000069439,1274.619047619047706,10911.902018229166060,119056.350000000005821
433,0,12165438.123600000515580,4349208.534880000166595,1271.950000000000045,10941.293457031250000,119019.797247023816453
434,0,12165592.864900000393391,4349210.808860000222921,1271.799999999999955,10969.840332031250000,118973.915127840911737
435,0,12165747.606399999931455,4349213.080989999696612,1279.363636363636260,11000.358935546875728,118939.322088068176527
436,0,12165902.347999999299645,4349215.351289999671280,1275.954545454545496,11029.996419270833940,118913.669531249994179
437,0,12166057.089800000190735,4349217.619739999994636,1274.099999999999909,11038.092578125000728,118886.410937499997090
438,0,12166211.831700000911951,4349219.886350000277162,1273.099999999999909,11078.302246093750000,118858.758203125005821
439,0,12166366.573799999430776,4349222.151119999587536,1270.599999999999909,11120.745458984374636,118831.287890624997090
440,0,12166521.315999999642372,4349224.414049999788404,1273.950000000000045,11161.338378906250000,118804.001171875002910
441,0,12166676.058399999514222,4349226.675139999948442,1278.400000000000091,11203.792626953125364,118774.198567708328483
442,0,12166830.801000000908971,4349228.934390000067651,1285.666666666666742,11248.087109374999272,118744.612890624994179
443,0,12166985.543700000271201,4349231.191789999604225,1282.450000000000045,11294.200244140625728,118717.841406249994179
444,0,12167140.286599999293685,4349233.447359999641776,1286.700000000000045,11346.284545898437500,118690.906640625005821
445,0,12167295.029600000008941,4349235.701080000028014,1283.799999999999955,11398.483154296875000,118663.398828125005821
446,0,12167449.772800000384450,4349237.952960000373423,1281.799999999999955,11417.697314453125728,118631.773065476183547
447,0,12167604.516100000590086,4349240.202999999746680,1277.049999999999955,11331.860009765625364,118576.172851562500000
448,0,12167759.259600000455976,4349242.451200000010431,1285.458333333333258,11237.551367187499636,118546.245703124994179
449,0,12167914.003299999982119,4349244.697560000233352,1290.799999999999955,11144.463525390625364,118519.233593750002910
450,0,12168068.747099999338388,4349246.942069999873638,1279.500000000000000,11027.484212239583940,118492.405859374994179
451,0,12168223.491000000387430,4349249.184750000014901,1285.200000000000045,10920.950288318452294,118465.596093750005821
452,0,12168378.235099999234080,4349251.425579999573529,1282.900000000000091,10830.913720703125364,118438.721093750005821
453,0,12168532.979399999603629,4349253.664570000022650,1290.400000000000091,10743.099902343750728,118413.160866477279342
454,0,12168687.723799999803305,4349255.901720000430942,1288.636363636363740,10656.674121093750728,118378.349076704544132
455,0,12168842.468399999663234,4349258.137029999867082,1286.545454545454504,10571.670117187499272,118351.947265625000000
456,0,12168997.213199999183416,4349260.370500000193715,1286.599999999999909,10487.444010416666060,118324.397656250002910
457,0,12169151.958100000396371,4349262.602129999548197,1289.450000000000045,10393.334876019021976,118297.031250000000000
458,0,12169306.703099999576807,4349264.831910000182688,1288.761904761904816,10306.955468750000364,118260.714062500002910
459,0,12169461.448300000280142,4349267.059860000386834,1290.650000000000091,10226.966113281250728,118186.258928571434808
460,0,12169616.193700000643730,4349269.285960000008345,1296.200000000000045,10148.563867187500364,118078.649088541671517
461,0,12169770.939200000837445,4349271.510219999589026,1292.416666666666742,10071.784863281249272,117989.154296875000000
462,0,12169925.684800000861287,4349273.732640000060201,1289.849999999999909,9996.667431640624272,117911.228124999994179
463,0,12170080.430700000375509,4349275.953219999559224,1290.450000000000045,9902.872314453125000,117833.443750000005821
464,0,12170235.176599999889731,4349278.171959999948740,1292.549999999999955,9810.967089843750728,117755.797265625005821
465,0,12170389.922800000756979,4349280.388849999755621,1290.900000000000091,9741.231054687499636,117678.292187500002910
466,0,12170544.668999999761581,4349282.603910000063479,1289.849999999999909,9673.272021484375728,117593.201171875000000
467,0,12170699.415500000119209,4349284.817119999788702,1295.833333333333258,9606.213671875000728,117508.272656250002910
468,0,12170854.162100000306964,4349287.028490000404418,1293.549999999999955,9540.193896484375728,117431.217968750002910
469,0,12171008.908800000324845,4349289.238020000047982,1292.400000000000091,9472.938943614130039,117354.302734375000000
470,0,12171163.655700000002980,4349291.445709999650717,1290.549999999999955,9401.491117931547706,117277.528906249994179
471,0,12171318.402799999341369,4349293.651549999602139,1286.299999999999955,9341.912011718750364,117200.896875000005821
472,0,12171473.150000000372529,4349295.855560000054538,1289.523809523809632,9284.170751953124636,117120.113111413040315
473,0,12171627.897299999371171,4349298.057719999924302,1287.954545454545496,9228.506689453124636,117023.298363095236709
474,0,12171782.644799999892712,4349300.258050000295043,1291.863636363636260,9174.957373046874636,116930.780078124997090
475,0,12171937.392500000074506,4349302.456530000083148,1296.200000000000045,9123.421519886363967,116854.728515625000000
476,0,12172092.140300000086427,4349304.653169999830425,1293.650000000000091,9064.821244673295951,116778.821484375002910
477,0,12172246.888299999758601,4349306.847959999926388,1290.500000000000000,8988.902050781249272,116703.058203124994179
478,0,12172401.636399999260902,4349309.040919999592006,1300.549999999999955,8942.978613281249636,116627.436718750002910
479,0,12172556.384600000455976,4349311.232029999606311,1299.049999999999955,8899.346679687500000,116544.424804687500000
480,0,12172711.133099999278784,4349313.421310000121593,1297.791666666666742,8858.040185546875364,116461.581250000002910
481,0,12172865.881599999964237,4349315.608740000054240,1294.750000000000000,8819.091845703125728,116386.422656249997090
482,0,12173020.630400000140071,4349317.794329999946058,1297.099999999999909,8778.635172526041060,116311.408593750005821
483,0,12173175.379200000315905,4349319.978079999797046,1295.049999999999955,8739.387255859375728,116236.539843749997090
484,0,12173330.128299999982119,4349322.159989999607205,1291.400000000000091,8706.112597656250728,116161.816796875005821
485,0,12173484.877399999648333,4349324.340049999766052,1294.238095238095184,8675.303955078125000,116079.791992187500000
486,0,12173639.626800000667572,4349326.518280000425875,1294.416666666666742,8646.988134765624636,115997.939453125000000
487,0,12173794.376199999824166,4349328.694659999571741,1291.750000000000000,8621.189355468750364,115906.386904761908227
488,0,12173949.125900000333786,4349330.869199999608099,1293.849999999999909,8595.792317708333940,115823.484765625005821
489,0,12174103.875700000673532,4349333.041899999603629,1298.799999999999955,8573.401513671875364,115749.506640624997090
490,0,12174258.625600000843406,4349335.212759999558330,1294.500000000000000,8545.720935639881645,115675.674609374997090
491,0,12174413.375700000673532,4349337.381769999861717,1291.099999999999909,8506.480810546874636,115597.937839673919370
492,0,12174568.125900000333786,4349339.548949999734759,1299.434782608695741,8489.800781250000000,115513.995535714289872
493,0,12174722.876299999654293,4349341.714279999956489,1299.666666666666742,8475.743164062500000,115440.406250000000000
494,0,12174877.626800000667572,4349343.877770000137389,1300.700000000000045,8466.188941592261472,115367.195312500000000
495,0,12175032.377499999478459,4349346.039420000277460,1299.150000000000091,8452.743588654891937,115294.134765625000000
496,0,12175187.128399999812245,4349348.199230000376701,1298.950000000000045,8448.516162109375728,115221.219921875002910
497,0,12175341.879300000146031,4349350.357200000435114,1299.750000000000000,8445.586083984375364,115148.256696428565192
498,0,12175496.630499999970198,4349352.513330000452697,1302.238095238095184,8445.053271484375728,115065.304347826080630
