zhule,Name,X,Y,Depth,Cls,DEM,WaterSys_Dis,Slope,Plan_Cur,Prof_Cur,Comp_Cur,Aspect,Faults_Dis,Eq_Dis
0,SAMP25,12155668.895999999716878,4359238.551400000229478,0,0,1320.619995,5781.879883,4.36128,-0.1411,-0.0049041,-0.136196,332.6409912,110893,103014
1,SAMP28,12155337.730000000447035,4359110.684999999590218,0,0,1324.400024,6134.580078,3.6950099,-0.0856402,-0.214119,0.128479,25.1079006,111081,103165
2,SAMP2245,12155668.895999999716878,4359238.551400000229478,1,0,1320.619995,5781.879883,4.36128,-0.1411,-0.0049041,-0.136196,332.6409912,110893,103014
3,SAMP2248,12155337.730000000447035,4359110.684999999590218,1,0,1324.400024,6134.580078,3.6950099,-0.0856402,-0.214119,0.128479,25.1079006,111081,103165
4,SAMP4237,12155668.895999999716878,4359238.551400000229478,2,0,1320.619995,5781.879883,4.36128,-0.1411,-0.0049041,-0.136196,332.6409912,110893,103014
5,SAMP4240,12155337.730000000447035,4359110.684999999590218,2,0,1324.400024,6134.580078,3.6950099,-0.0856402,-0.214119,0.128479,25.1079006,111081,103165
6,SAMP5965,12155668.895999999716878,4359238.551400000229478,3,0,1320.619995,5781.879883,4.36128,-0.1411,-0.0049041,-0.136196,332.6409912,110893,103014
7,SAMP5968,12155337.730000000447035,4359110.684999999590218,3,0,1324.400024,6134.580078,3.6950099,-0.0856402,-0.214119,0.128479,25.1079006,111081,103165
8,SAMP7513,12155668.895999999716878,4359238.551400000229478,4,0,1320.619995,5781.879883,4.36128,-0.1411,-0.0049041,-0.136196,332.6409912,110893,103014
9,SAMP7516,12155337.730000000447035,4359110.684999999590218,4,0,1324.400024,6134.580078,3.6950099,-0.0856402,-0.214119,0.128479,25.1079006,111081,103165
10,SAMP8725,12155668.895999999716878,4359238.551400000229478,5,0,1320.619995,5781.879883,4.36128,-0.1411,-0.0049041,-0.136196,332.6409912,110893,103014
11,SAMP8728,12155337.730000000447035,4359110.684999999590218,5,0,1324.400024,6134.580078,3.6950099,-0.0856402,-0.214119,0.128479,25.1079006,111081,103165
12,SAMP9685,12155668.895999999716878,4359238.551400000229478,6,0,1320.619995,5781.879883,4.36128,-0.1411,-0.0049041,-0.136196,332.6409912,110893,103014
13,SAMP9688,12155337.730000000447035,4359110.684999999590218,6,0,1324.400024,6134.580078,3.6950099,-0.0856402,-0.214119,0.128479,25.1079006,111081,103165
14,SAMP10513,12155668.895999999716878,4359238.551400000229478,7,0,1320.619995,5781.879883,4.36128,-0.1411,-0.0049041,-0.136196,332.6409912,110893,103014
15,SAMP10516,12155337.730000000447035,4359110.684999999590218,7,0,1324.400024,6134.580078,3.6950099,-0.0856402,-0.214119,0.128479,25.1079006,111081,103165
16,SAMP60522,12155668.895999999716878,4359238.551400000229478,57,3,1320.619995,5781.879883,4.36128,-0.1411,-0.0049041,-0.136196,332.6409912,110893,103014
17,SAMP61458,12155668.895999999716878,4359238.551400000229478,58,3,1320.619995,5781.879883,4.36128,-0.1411,-0.0049041,-0.136196,332.6409912,110893,103014
18,SAMP62454,12155668.895999999716878,4359238.551400000229478,59,3,1320.619995,5781.879883,4.36128,-0.1411,-0.0049041,-0.136196,332.6409912,110893,103014
19,SAMP63426,12155668.895999999716878,4359238.551400000229478,60,3,1320.619995,5781.879883,4.36128,-0.1411,-0.0049041,-0.136196,332.6409912,110893,103014
20,SAMP64482,12155668.895999999716878,4359238.551400000229478,61,3,1320.619995,5781.879883,4.36128,-0.1411,-0.0049041,-0.136196,332.6409912,110893,103014
21,SAMP65514,12155668.895999999716878,4359238.551400000229478,62,3,1320.619995,5781.879883,4.36128,-0.1411,-0.0049041,-0.136196,332.6409912,110893,103014
22,SAMP66582,12155668.895999999716878,4359238.551400000229478,63,3,1320.619995,5781.879883,4.36128,-0.1411,-0.0049041,-0.136196,332.6409912,110893,103014
23,SAMP67638,12155668.895999999716878,4359238.551400000229478,64,3,1320.619995,5781.879883,4.36128,-0.1411,-0.0049041,-0.136196,332.6409912,110893,103014
24,SAMP68598,12155668.895999999716878,4359238.551400000229478,65,3,1320.619995,5781.879883,4.36128,-0.1411,-0.0049041,-0.136196,332.6409912,110893,103014
25,SAMP69618,12155668.895999999716878,4359238.551400000229478,66,3,1320.619995,5781.879883,4.36128,-0.1411,-0.0049041,-0.136196,332.6409912,110893,103014
26,SAMP70626,12155668.895999999716878,4359238.551400000229478,67,3,1320.619995,5781.879883,4.36128,-0.1411,-0.0049041,-0.136196,332.6409912,110893,103014
27,SAMP71622,12155668.895999999716878,4359238.551400000229478,68,3,1320.619995,5781.879883,4.36128,-0.1411,-0.0049041,-0.136196,332.6409912,110893,103014
28,SAMP72558,12155668.895999999716878,4359238.551400000229478,69,3,1320.619995,5781.879883,4.36128,-0.1411,-0.0049041,-0.136196,332.6409912,110893,103014
29,SAMP73446,12155668.895999999716878,4359238.551400000229478,70,3,1320.619995,5781.879883,4.36128,-0.1411,-0.0049041,-0.136196,332.6409912,110893,103014
30,SAMP74298,12155668.895999999716878,4359238.551400000229478,71,3,1320.619995,5781.879883,4.36128,-0.1411,-0.0049041,-0.136196,332.6409912,110893,103014
31,SAMP75090,12155668.895999999716878,4359238.551400000229478,72,3,1320.619995,5781.879883,4.36128,-0.1411,-0.0049041,-0.136196,332.6409912,110893,103014
32,SAMP75894,12155668.895999999716878,4359238.551400000229478,73,3,1320.619995,5781.879883,4.36128,-0.1411,-0.0049041,-0.136196,332.6409912,110893,103014
33,SAMP76662,12155668.895999999716878,4359238.551400000229478,74,3,1320.619995,5781.879883,4.36128,-0.1411,-0.0049041,-0.136196,332.6409912,110893,103014
34,SAMP77430,12155668.895999999716878,4359238.551400000229478,75,3,1320.619995,5781.879883,4.36128,-0.1411,-0.0049041,-0.136196,332.6409912,110893,103014
35,SAMP78150,12155668.895999999716878,4359238.551400000229478,76,3,1320.619995,5781.879883,4.36128,-0.1411,-0.0049041,-0.136196,332.6409912,110893,103014
36,SAMP78846,12155668.895999999716878,4359238.551400000229478,77,3,1320.619995,5781.879883,4.36128,-0.1411,-0.0049041,-0.136196,332.6409912,110893,103014
37,SAMP79506,12155668.895999999716878,4359238.551400000229478,78,3,1320.619995,5781.879883,4.36128,-0.1411,-0.0049041,-0.136196,332.6409912,110893,103014
38,SAMP80166,12155668.895999999716878,4359238.551400000229478,79,3,1320.619995,5781.879883,4.36128,-0.1411,-0.0049041,-0.136196,332.6409912,110893,103014
39,SAMP80802,12155668.895999999716878,4359238.551400000229478,80,3,1320.619995,5781.879883,4.36128,-0.1411,-0.0049041,-0.136196,332.6409912,110893,103014
40,SAMP81510,12155668.895999999716878,4359238.551400000229478,81,3,1320.619995,5781.879883,4.36128,-0.1411,-0.0049041,-0.136196,332.6409912,110893,103014
41,SAMP82158,12155668.895999999716878,4359238.551400000229478,82,3,1320.619995,5781.879883,4.36128,-0.1411,-0.0049041,-0.136196,332.6409912,110893,103014
42,SAMP82806,12155668.895999999716878,4359238.551400000229478,83,3,1320.619995,5781.879883,4.36128,-0.1411,-0.0049041,-0.136196,332.6409912,110893,103014
43,SAMP83430,12155668.895999999716878,4359238.551400000229478,84,3,1320.619995,5781.879883,4.36128,-0.1411,-0.0049041,-0.136196,332.6409912,110893,103014
44,SAMP84102,12155668.895999999716878,4359238.551400000229478,85,3,1320.619995,5781.879883,4.36128,-0.1411,-0.0049041,-0.136196,332.6409912,110893,103014
45,SAMP84870,12155668.895999999716878,4359238.551400000229478,86,3,1320.619995,5781.879883,4.36128,-0.1411,-0.0049041,-0.136196,332.6409912,110893,103014
46,SAMP85638,12155668.895999999716878,4359238.551400000229478,87,3,1320.619995,5781.879883,4.36128,-0.1411,-0.0049041,-0.136196,332.6409912,110893,103014
47,SAMP86454,12155668.895999999716878,4359238.551400000229478,88,3,1320.619995,5781.879883,4.36128,-0.1411,-0.0049041,-0.136196,332.6409912,110893,103014
48,SAMP87198,12155668.895999999716878,4359238.551400000229478,89,3,1320.619995,5781.879883,4.36128,-0.1411,-0.0049041,-0.136196,332.6409912,110893,103014
49,SAMP87918,12155668.895999999716878,4359238.551400000229478,90,3,1320.619995,5781.879883,4.36128,-0.1411,-0.0049041,-0.136196,332.6409912,110893,103014
50,SAMP88638,12155668.895999999716878,4359238.551400000229478,91,3,1320.619995,5781.879883,4.36128,-0.1411,-0.0049041,-0.136196,332.6409912,110893,103014
51,SAMP92401,12155668.895999999716878,4359238.551400000229478,96,3,1320.619995,5781.879883,4.36128,-0.1411,-0.0049041,-0.136196,332.6409912,110893,103014
52,SAMP92404,12155337.730000000447035,4359110.684999999590218,96,3,1324.400024,6134.580078,3.6950099,-0.0856402,-0.214119,0.128479,25.1079006,111081,103165
53,SAMP93205,12155668.895999999716878,4359238.551400000229478,97,3,1320.619995,5781.879883,4.36128,-0.1411,-0.0049041,-0.136196,332.6409912,110893,103014
54,SAMP93208,12155337.730000000447035,4359110.684999999590218,97,3,1324.400024,6134.580078,3.6950099,-0.0856402,-0.214119,0.128479,25.1079006,111081,103165
55,SAMP93961,12155668.895999999716878,4359238.551400000229478,98,3,1320.619995,5781.879883,4.36128,-0.1411,-0.0049041,-0.136196,332.6409912,110893,103014
56,SAMP93964,12155337.730000000447035,4359110.684999999590218,98,3,1324.400024,6134.580078,3.6950099,-0.0856402,-0.214119,0.128479,25.1079006,111081,103165
57,SAMP94717,12155668.895999999716878,4359238.551400000229478,99,3,1320.619995,5781.879883,4.36128,-0.1411,-0.0049041,-0.136196,332.6409912,110893,103014
58,SAMP94720,12155337.730000000447035,4359110.684999999590218,99,3,1324.400024,6134.580078,3.6950099,-0.0856402,-0.214119,0.128479,25.1079006,111081,103165
59,SAMP95461,12155668.895999999716878,4359238.551400000229478,100,3,1320.619995,5781.879883,4.36128,-0.1411,-0.0049041,-0.136196,332.6409912,110893,103014
60,SAMP95464,12155337.730000000447035,4359110.684999999590218,100,3,1324.400024,6134.580078,3.6950099,-0.0856402,-0.214119,0.128479,25.1079006,111081,103165
61,SAMP96157,12155668.895999999716878,4359238.551400000229478,101,3,1320.619995,5781.879883,4.36128,-0.1411,-0.0049041,-0.136196,332.6409912,110893,103014
62,SAMP96160,12155337.730000000447035,4359110.684999999590218,101,3,1324.400024,6134.580078,3.6950099,-0.0856402,-0.214119,0.128479,25.1079006,111081,103165
63,SAMP96853,12155668.895999999716878,4359238.551400000229478,102,3,1320.619995,5781.879883,4.36128,-0.1411,-0.0049041,-0.136196,332.6409912,110893,103014
64,SAMP96856,12155337.730000000447035,4359110.684999999590218,102,3,1324.400024,6134.580078,3.6950099,-0.0856402,-0.214119,0.128479,25.1079006,111081,103165
65,SAMP97573,12155668.895999999716878,4359238.551400000229478,103,3,1320.619995,5781.879883,4.36128,-0.1411,-0.0049041,-0.136196,332.6409912,110893,103014
66,SAMP97576,12155337.730000000447035,4359110.684999999590218,103,3,1324.400024,6134.580078,3.6950099,-0.0856402,-0.214119,0.128479,25.1079006,111081,103165
67,SAMP98317,12155668.895999999716878,4359238.551400000229478,104,3,1320.619995,5781.879883,4.36128,-0.1411,-0.0049041,-0.136196,332.6409912,110893,103014
68,SAMP98320,12155337.730000000447035,4359110.684999999590218,104,3,1324.400024,6134.580078,3.6950099,-0.0856402,-0.214119,0.128479,25.1079006,111081,103165
69,SAMP99037,12155668.895999999716878,4359238.551400000229478,105,3,1320.619995,5781.879883,4.36128,-0.1411,-0.0049041,-0.136196,332.6409912,110893,103014
70,SAMP99040,12155337.730000000447035,4359110.684999999590218,105,3,1324.400024,6134.580078,3.6950099,-0.0856402,-0.214119,0.128479,25.1079006,111081,103165
71,SAMP99757,12155668.895999999716878,4359238.551400000229478,106,3,1320.619995,5781.879883,4.36128,-0.1411,-0.0049041,-0.136196,332.6409912,110893,103014
72,SAMP99760,12155337.730000000447035,4359110.684999999590218,106,3,1324.400024,6134.580078,3.6950099,-0.0856402,-0.214119,0.128479,25.1079006,111081,103165
73,SAMP100453,12155668.895999999716878,4359238.551400000229478,107,3,1320.619995,5781.879883,4.36128,-0.1411,-0.0049041,-0.136196,332.6409912,110893,103014
74,SAMP100456,12155337.730000000447035,4359110.684999999590218,107,3,1324.400024,6134.580078,3.6950099,-0.0856402,-0.214119,0.128479,25.1079006,111081,103165
75,SAMP232062,12155668.895999999716878,4359238.551400000229478,329,3,1320.619995,5781.879883,4.36128,-0.1411,-0.0049041,-0.136196,332.6409912,110893,103014
76,SAMP232350,12155668.895999999716878,4359238.551400000229478,330,3,1320.619995,5781.879883,4.36128,-0.1411,-0.0049041,-0.136196,332.6409912,110893,103014
77,SAMP232650,12155668.895999999716878,4359238.551400000229478,331,3,1320.619995,5781.879883,4.36128,-0.1411,-0.0049041,-0.136196,332.6409912,110893,103014
78,SAMP232926,12155668.895999999716878,4359238.551400000229478,332,3,1320.619995,5781.879883,4.36128,-0.1411,-0.0049041,-0.136196,332.6409912,110893,103014
79,SAMP233226,12155668.895999999716878,4359238.551400000229478,333,3,1320.619995,5781.879883,4.36128,-0.1411,-0.0049041,-0.136196,332.6409912,110893,103014
80,SAMP233610,12155668.895999999716878,4359238.551400000229478,334,3,1320.619995,5781.879883,4.36128,-0.1411,-0.0049041,-0.136196,332.6409912,110893,103014
81,SAMP234054,12155668.895999999716878,4359238.551400000229478,335,3,1320.619995,5781.879883,4.36128,-0.1411,-0.0049041,-0.136196,332.6409912,110893,103014
82,SAMP234510,12155668.895999999716878,4359238.551400000229478,336,3,1320.619995,5781.879883,4.36128,-0.1411,-0.0049041,-0.136196,332.6409912,110893,103014
83,SAMP234966,12155668.895999999716878,4359238.551400000229478,337,3,1320.619995,5781.879883,4.36128,-0.1411,-0.0049041,-0.136196,332.6409912,110893,103014
84,SAMP235398,12155668.895999999716878,4359238.551400000229478,338,3,1320.619995,5781.879883,4.36128,-0.1411,-0.0049041,-0.136196,332.6409912,110893,103014
85,SAMP235806,12155668.895999999716878,4359238.551400000229478,339,3,1320.619995,5781.879883,4.36128,-0.1411,-0.0049041,-0.136196,332.6409912,110893,103014
86,SAMP236226,12155668.895999999716878,4359238.551400000229478,340,3,1320.619995,5781.879883,4.36128,-0.1411,-0.0049041,-0.136196,332.6409912,110893,103014
87,SAMP236586,12155668.895999999716878,4359238.551400000229478,341,3,1320.619995,5781.879883,4.36128,-0.1411,-0.0049041,-0.136196,332.6409912,110893,103014
88,SAMP236946,12155668.895999999716878,4359238.551400000229478,342,3,1320.619995,5781.879883,4.36128,-0.1411,-0.0049041,-0.136196,332.6409912,110893,103014
89,SAMP237306,12155668.895999999716878,4359238.551400000229478,343,3,1320.619995,5781.879883,4.36128,-0.1411,-0.0049041,-0.136196,332.6409912,110893,103014
90,SAMP248262,12155668.895999999716878,4359238.551400000229478,366,3,1320.619995,5781.879883,4.36128,-0.1411,-0.0049041,-0.136196,332.6409912,110893,103014
91,SAMP248790,12155668.895999999716878,4359238.551400000229478,367,3,1320.619995,5781.879883,4.36128,-0.1411,-0.0049041,-0.136196,332.6409912,110893,103014
92,SAMP249294,12155668.895999999716878,4359238.551400000229478,368,3,1320.619995,5781.879883,4.36128,-0.1411,-0.0049041,-0.136196,332.6409912,110893,103014
93,SAMP249822,12155668.895999999716878,4359238.551400000229478,369,3,1320.619995,5781.879883,4.36128,-0.1411,-0.0049041,-0.136196,332.6409912,110893,103014
94,SAMP250338,12155668.895999999716878,4359238.551400000229478,370,3,1320.619995,5781.879883,4.36128,-0.1411,-0.0049041,-0.136196,332.6409912,110893,103014
95,SAMP250866,12155668.895999999716878,4359238.551400000229478,371,3,1320.619995,5781.879883,4.36128,-0.1411,-0.0049041,-0.136196,332.6409912,110893,103014
96,SAMP251358,12155668.895999999716878,4359238.551400000229478,372,3,1320.619995,5781.879883,4.36128,-0.1411,-0.0049041,-0.136196,332.6409912,110893,103014
97,SAMP251862,12155668.895999999716878,4359238.551400000229478,373,3,1320.619995,5781.879883,4.36128,-0.1411,-0.0049041,-0.136196,332.6409912,110893,103014
98,SAMP252402,12155668.895999999716878,4359238.551400000229478,374,3,1320.619995,5781.879883,4.36128,-0.1411,-0.0049041,-0.136196,332.6409912,110893,103014
99,SAMP252978,12155668.895999999716878,4359238.551400000229478,375,3,1320.619995,5781.879883,4.36128,-0.1411,-0.0049041,-0.136196,332.6409912,110893,103014
100,SAMP287917,12155668.895999999716878,4359238.551400000229478,426,3,1320.619995,5781.879883,4.36128,-0.1411,-0.0049041,-0.136196,332.6409912,110893,103014
101,SAMP287920,12155337.730000000447035,4359110.684999999590218,426,3,1324.400024,6134.580078,3.6950099,-0.0856402,-0.214119,0.128479,25.1079006,111081,103165
102,SAMP288877,12155668.895999999716878,4359238.551400000229478,427,3,1320.619995,5781.879883,4.36128,-0.1411,-0.0049041,-0.136196,332.6409912,110893,103014
103,SAMP288880,12155337.730000000447035,4359110.684999999590218,427,3,1324.400024,6134.580078,3.6950099,-0.0856402,-0.214119,0.128479,25.1079006,111081,103165
104,SAMP289837,12155668.895999999716878,4359238.551400000229478,428,3,1320.619995,5781.879883,4.36128,-0.1411,-0.0049041,-0.136196,332.6409912,110893,103014
105,SAMP289840,12155337.730000000447035,4359110.684999999590218,428,3,1324.400024,6134.580078,3.6950099,-0.0856402,-0.214119,0.128479,25.1079006,111081,103165
106,SAMP290809,12155668.895999999716878,4359238.551400000229478,429,3,1320.619995,5781.879883,4.36128,-0.1411,-0.0049041,-0.136196,332.6409912,110893,103014
107,SAMP290812,12155337.730000000447035,4359110.684999999590218,429,3,1324.400024,6134.580078,3.6950099,-0.0856402,-0.214119,0.128479,25.1079006,111081,103165
108,SAMP291757,12155668.895999999716878,4359238.551400000229478,430,3,1320.619995,5781.879883,4.36128,-0.1411,-0.0049041,-0.136196,332.6409912,110893,103014
109,SAMP291760,12155337.730000000447035,4359110.684999999590218,430,3,1324.400024,6134.580078,3.6950099,-0.0856402,-0.214119,0.128479,25.1079006,111081,103165
110,SAMP292753,12155668.895999999716878,4359238.551400000229478,431,3,1320.619995,5781.879883,4.36128,-0.1411,-0.0049041,-0.136196,332.6409912,110893,103014
111,SAMP292756,12155337.730000000447035,4359110.684999999590218,431,3,1324.400024,6134.580078,3.6950099,-0.0856402,-0.214119,0.128479,25.1079006,111081,103165
112,SAMP293749,12155668.895999999716878,4359238.551400000229478,432,3,1320.619995,5781.879883,4.36128,-0.1411,-0.0049041,-0.136196,332.6409912,110893,103014
113,SAMP293752,12155337.730000000447035,4359110.684999999590218,432,3,1324.400024,6134.580078,3.6950099,-0.0856402,-0.214119,0.128479,25.1079006,111081,103165
114,SAMP294817,12155668.895999999716878,4359238.551400000229478,433,3,1320.619995,5781.879883,4.36128,-0.1411,-0.0049041,-0.136196,332.6409912,110893,103014
115,SAMP294820,12155337.730000000447035,4359110.684999999590218,433,3,1324.400024,6134.580078,3.6950099,-0.0856402,-0.214119,0.128479,25.1079006,111081,103165
116,SAMP295921,12155668.895999999716878,4359238.551400000229478,434,3,1320.619995,5781.879883,4.36128,-0.1411,-0.0049041,-0.136196,332.6409912,110893,103014
117,SAMP295924,12155337.730000000447035,4359110.684999999590218,434,3,1324.400024,6134.580078,3.6950099,-0.0856402,-0.214119,0.128479,25.1079006,111081,103165
118,SAMP307914,12155668.895999999716878,4359238.551400000229478,445,3,1320.619995,5781.879883,4.36128,-0.1411,-0.0049041,-0.136196,332.6409912,110893,103014
119,SAMP308994,12155668.895999999716878,4359238.551400000229478,446,3,1320.619995,5781.879883,4.36128,-0.1411,-0.0049041,-0.136196,332.6409912,110893,103014
120,SAMP310098,12155668.895999999716878,4359238.551400000229478,447,3,1320.619995,5781.879883,4.36128,-0.1411,-0.0049041,-0.136196,332.6409912,110893,103014
121,SAMP311214,12155668.895999999716878,4359238.551400000229478,448,3,1320.619995,5781.879883,4.36128,-0.1411,-0.0049041,-0.136196,332.6409912,110893,103014
122,SAMP312354,12155668.895999999716878,4359238.551400000229478,449,3,1320.619995,5781.879883,4.36128,-0.1411,-0.0049041,-0.136196,332.6409912,110893,103014
123,SAMP313482,12155668.895999999716878,4359238.551400000229478,450,3,1320.619995,5781.879883,4.36128,-0.1411,-0.0049041,-0.136196,332.6409912,110893,103014
124,SAMP314610,12155668.895999999716878,4359238.551400000229478,451,3,1320.619995,5781.879883,4.36128,-0.1411,-0.0049041,-0.136196,332.6409912,110893,103014
125,SAMP382206,12155668.895999999716878,4359238.551400000229478,509,3,1320.619995,5781.879883,4.36128,-0.1411,-0.0049041,-0.136196,332.6409912,110893,103014
126,SAMP383418,12155668.895999999716878,4359238.551400000229478,510,3,1320.619995,5781.879883,4.36128,-0.1411,-0.0049041,-0.136196,332.6409912,110893,103014
127,SAMP384618,12155668.895999999716878,4359238.551400000229478,511,3,1320.619995,5781.879883,4.36128,-0.1411,-0.0049041,-0.136196,332.6409912,110893,103014
128,SAMP385830,12155668.895999999716878,4359238.551400000229478,512,3,1320.619995,5781.879883,4.36128,-0.1411,-0.0049041,-0.136196,332.6409912,110893,103014
129,SAMP387114,12155668.895999999716878,4359238.551400000229478,513,3,1320.619995,5781.879883,4.36128,-0.1411,-0.0049041,-0.136196,332.6409912,110893,103014
130,SAMP388398,12155668.895999999716878,4359238.551400000229478,514,3,1320.619995,5781.879883,4.36128,-0.1411,-0.0049041,-0.136196,332.6409912,110893,103014
131,SAMP389646,12155668.895999999716878,4359238.551400000229478,515,3,1320.619995,5781.879883,4.36128,-0.1411,-0.0049041,-0.136196,332.6409912,110893,103014
132,SAMP425065,12155668.895999999716878,4359238.551400000229478,548,4,1320.619995,5781.879883,4.36128,-0.1411,-0.0049041,-0.136196,332.6409912,110893,103014
133,SAMP425068,12155337.730000000447035,4359110.684999999590218,548,4,1324.400024,6134.580078,3.6950099,-0.0856402,-0.214119,0.128479,25.1079006,111081,103165
134,SAMP426133,12155668.895999999716878,4359238.551400000229478,549,4,1320.619995,5781.879883,4.36128,-0.1411,-0.0049041,-0.136196,332.6409912,110893,103014
135,SAMP426136,12155337.730000000447035,4359110.684999999590218,549,4,1324.400024,6134.580078,3.6950099,-0.0856402,-0.214119,0.128479,25.1079006,111081,103165
136,SAMP427189,12155668.895999999716878,4359238.551400000229478,550,4,1320.619995,5781.879883,4.36128,-0.1411,-0.0049041,-0.136196,332.6409912,110893,103014
137,SAMP427192,12155337.730000000447035,4359110.684999999590218,550,4,1324.400024,6134.580078,3.6950099,-0.0856402,-0.214119,0.128479,25.1079006,111081,103165
138,SAMP428317,12155668.895999999716878,4359238.551400000229478,551,4,1320.619995,5781.879883,4.36128,-0.1411,-0.0049041,-0.136196,332.6409912,110893,103014
139,SAMP428320,12155337.730000000447035,4359110.684999999590218,551,4,1324.400024,6134.580078,3.6950099,-0.0856402,-0.214119,0.128479,25.1079006,111081,103165
140,SAMP487129,12155668.895999999716878,4359238.551400000229478,622,3,1320.619995,5781.879883,4.36128,-0.1411,-0.0049041,-0.136196,332.6409912,110893,103014
141,SAMP487132,12155337.730000000447035,4359110.684999999590218,622,3,1324.400024,6134.580078,3.6950099,-0.0856402,-0.214119,0.128479,25.1079006,111081,103165
142,SAMP487813,12155668.895999999716878,4359238.551400000229478,623,3,1320.619995,5781.879883,4.36128,-0.1411,-0.0049041,-0.136196,332.6409912,110893,103014
143,SAMP487816,12155337.730000000447035,4359110.684999999590218,623,3,1324.400024,6134.580078,3.6950099,-0.0856402,-0.214119,0.128479,25.1079006,111081,103165
144,SAMP488497,12155668.895999999716878,4359238.551400000229478,624,3,1320.619995,5781.879883,4.36128,-0.1411,-0.0049041,-0.136196,332.6409912,110893,103014
145,SAMP488500,12155337.730000000447035,4359110.684999999590218,624,3,1324.400024,6134.580078,3.6950099,-0.0856402,-0.214119,0.128479,25.1079006,111081,103165
146,SAMP489289,12155668.895999999716878,4359238.551400000229478,625,3,1320.619995,5781.879883,4.36128,-0.1411,-0.0049041,-0.136196,332.6409912,110893,103014
147,SAMP489292,12155337.730000000447035,4359110.684999999590218,625,3,1324.400024,6134.580078,3.6950099,-0.0856402,-0.214119,0.128479,25.1079006,111081,103165
148,SAMP490081,12155668.895999999716878,4359238.551400000229478,626,3,1320.619995,5781.879883,4.36128,-0.1411,-0.0049041,-0.136196,332.6409912,110893,103014
149,SAMP490084,12155337.730000000447035,4359110.684999999590218,626,3,1324.400024,6134.580078,3.6950099,-0.0856402,-0.214119,0.128479,25.1079006,111081,103165
150,SAMP490837,12155668.895999999716878,4359238.551400000229478,627,3,1320.619995,5781.879883,4.36128,-0.1411,-0.0049041,-0.136196,332.6409912,110893,103014
151,SAMP490840,12155337.730000000447035,4359110.684999999590218,627,3,1324.400024,6134.580078,3.6950099,-0.0856402,-0.214119,0.128479,25.1079006,111081,103165
152,SAMP491641,12155668.895999999716878,4359238.551400000229478,628,3,1320.619995,5781.879883,4.36128,-0.1411,-0.0049041,-0.136196,332.6409912,110893,103014
153,SAMP491644,12155337.730000000447035,4359110.684999999590218,628,3,1324.400024,6134.580078,3.6950099,-0.0856402,-0.214119,0.128479,25.1079006,111081,103165
154,SAMP492457,12155668.895999999716878,4359238.551400000229478,629,3,1320.619995,5781.879883,4.36128,-0.1411,-0.0049041,-0.136196,332.6409912,110893,103014
155,SAMP492460,12155337.730000000447035,4359110.684999999590218,629,3,1324.400024,6134.580078,3.6950099,-0.0856402,-0.214119,0.128479,25.1079006,111081,103165
156,SAMP560562,12155668.895999999716878,4359238.551400000229478,729,2,1320.619995,5781.879883,4.36128,-0.1411,-0.0049041,-0.136196,332.6409912,110893,103014
157,SAMP581886,12155668.895999999716878,4359238.551400000229478,771,2,1320.619995,5781.879883,4.36128,-0.1411,-0.0049041,-0.136196,332.6409912,110893,103014
158,SAMP582450,12155668.895999999716878,4359238.551400000229478,772,2,1320.619995,5781.879883,4.36128,-0.1411,-0.0049041,-0.136196,332.6409912,110893,103014
159,SAMP582978,12155668.895999999716878,4359238.551400000229478,773,2,1320.619995,5781.879883,4.36128,-0.1411,-0.0049041,-0.136196,332.6409912,110893,103014
160,SAMP583494,12155668.895999999716878,4359238.551400000229478,774,2,1320.619995,5781.879883,4.36128,-0.1411,-0.0049041,-0.136196,332.6409912,110893,103014
161,SAMP655390,12155668.895999999716878,4359238.551400000229478,1036,3,1320.619995,5781.879883,4.36128,-0.1411,-0.0049041,-0.136196,332.6409912,110893,103014
162,P23-1,12156945.500000000000000,4357948.258999999612570,0,0,1297.979981,5360.899902,5.0798602,-0.0967458,0.296544,-0.39329,38.6607018,111932,104225
163,P23-1,12156945.500000000000000,4357948.258999999612570,1,0,1297.979981,5360.899902,5.0798602,-0.0967458,0.296544,-0.39329,38.6607018,111932,104225
164,P23-1,12156945.500000000000000,4357948.258999999612570,2,0,1297.979981,5360.899902,5.0798602,-0.0967458,0.296544,-0.39329,38.6607018,111932,104225
165,P23-1,12156945.500000000000000,4357948.258999999612570,3,0,1297.979981,5360.899902,5.0798602,-0.0967458,0.296544,-0.39329,38.6607018,111932,104225
166,P23-1,12156945.500000000000000,4357948.258999999612570,4,0,1297.979981,5360.899902,5.0798602,-0.0967458,0.296544,-0.39329,38.6607018,111932,104225
167,P23-1,12156945.500000000000000,4357948.258999999612570,5,0,1297.979981,5360.899902,5.0798602,-0.0967458,0.296544,-0.39329,38.6607018,111932,104225
168,P23-1,12156945.500000000000000,4357948.258999999612570,6,0,1297.979981,5360.899902,5.0798602,-0.0967458,0.296544,-0.39329,38.6607018,111932,104225
169,P23-1,12156945.500000000000000,4357948.258999999612570,7,0,1297.979981,5360.899902,5.0798602,-0.0967458,0.296544,-0.39329,38.6607018,111932,104225
170,P23-1,12156945.500000000000000,4357948.258999999612570,8,4,1297.979981,5360.899902,5.0798602,-0.0967458,0.296544,-0.39329,38.6607018,111932,104225
171,P23-1,12156945.500000000000000,4357948.258999999612570,9,4,1297.979981,5360.899902,5.0798602,-0.0967458,0.296544,-0.39329,38.6607018,111932,104225
172,P23-1,12156945.500000000000000,4357948.258999999612570,10,4,1297.979981,5360.899902,5.0798602,-0.0967458,0.296544,-0.39329,38.6607018,111932,104225
173,P23-1,12156945.500000000000000,4357948.258999999612570,11,4,1297.979981,5360.899902,5.0798602,-0.0967458,0.296544,-0.39329,38.6607018,111932,104225
174,P23-1,12156945.500000000000000,4357948.258999999612570,12,4,1297.979981,5360.899902,5.0798602,-0.0967458,0.296544,-0.39329,38.6607018,111932,104225
175,P23-1,12156945.500000000000000,4357948.258999999612570,13,4,1297.979981,5360.899902,5.0798602,-0.0967458,0.296544,-0.39329,38.6607018,111932,104225
176,P23-1,12156945.500000000000000,4357948.258999999612570,14,4,1297.979981,5360.899902,5.0798602,-0.0967458,0.296544,-0.39329,38.6607018,111932,104225
177,P23-1,12156945.500000000000000,4357948.258999999612570,15,4,1297.979981,5360.899902,5.0798602,-0.0967458,0.296544,-0.39329,38.6607018,111932,104225
178,P23-1,12156945.500000000000000,4357948.258999999612570,16,4,1297.979981,5360.899902,5.0798602,-0.0967458,0.296544,-0.39329,38.6607018,111932,104225
179,P23-1,12156945.500000000000000,4357948.258999999612570,17,4,1297.979981,5360.899902,5.0798602,-0.0967458,0.296544,-0.39329,38.6607018,111932,104225
180,P23-1,12156945.500000000000000,4357948.258999999612570,18,4,1297.979981,5360.899902,5.0798602,-0.0967458,0.296544,-0.39329,38.6607018,111932,104225
181,P23-1,12156945.500000000000000,4357948.258999999612570,19,4,1297.979981,5360.899902,5.0798602,-0.0967458,0.296544,-0.39329,38.6607018,111932,104225
182,P23-1,12156945.500000000000000,4357948.258999999612570,20,4,1297.979981,5360.899902,5.0798602,-0.0967458,0.296544,-0.39329,38.6607018,111932,104225
183,P23-1,12156945.500000000000000,4357948.258999999612570,21,4,1297.979981,5360.899902,5.0798602,-0.0967458,0.296544,-0.39329,38.6607018,111932,104225
184,P23-1,12156945.500000000000000,4357948.258999999612570,22,4,1297.979981,5360.899902,5.0798602,-0.0967458,0.296544,-0.39329,38.6607018,111932,104225
185,P23-1,12156945.500000000000000,4357948.258999999612570,23,4,1297.979981,5360.899902,5.0798602,-0.0967458,0.296544,-0.39329,38.6607018,111932,104225
186,P23-1,12156945.500000000000000,4357948.258999999612570,24,4,1297.979981,5360.899902,5.0798602,-0.0967458,0.296544,-0.39329,38.6607018,111932,104225
187,P23-1,12156945.500000000000000,4357948.258999999612570,25,4,1297.979981,5360.899902,5.0798602,-0.0967458,0.296544,-0.39329,38.6607018,111932,104225
188,P23-1,12156945.500000000000000,4357948.258999999612570,26,4,1297.979981,5360.899902,5.0798602,-0.0967458,0.296544,-0.39329,38.6607018,111932,104225
189,P23-1,12156945.500000000000000,4357948.258999999612570,27,4,1297.979981,5360.899902,5.0798602,-0.0967458,0.296544,-0.39329,38.6607018,111932,104225
190,P23-1,12156945.500000000000000,4357948.258999999612570,28,4,1297.979981,5360.899902,5.0798602,-0.0967458,0.296544,-0.39329,38.6607018,111932,104225
191,P23-1,12156945.500000000000000,4357948.258999999612570,29,4,1297.979981,5360.899902,5.0798602,-0.0967458,0.296544,-0.39329,38.6607018,111932,104225
192,P23-1,12156945.500000000000000,4357948.258999999612570,30,4,1297.979981,5360.899902,5.0798602,-0.0967458,0.296544,-0.39329,38.6607018,111932,104225
193,P23-1,12156945.500000000000000,4357948.258999999612570,31,4,1297.979981,5360.899902,5.0798602,-0.0967458,0.296544,-0.39329,38.6607018,111932,104225
194,P23-1,12156945.500000000000000,4357948.258999999612570,32,4,1297.979981,5360.899902,5.0798602,-0.0967458,0.296544,-0.39329,38.6607018,111932,104225
195,P23-1,12156945.500000000000000,4357948.258999999612570,33,4,1297.979981,5360.899902,5.0798602,-0.0967458,0.296544,-0.39329,38.6607018,111932,104225
196,P23-1,12156945.500000000000000,4357948.258999999612570,34,4,1297.979981,5360.899902,5.0798602,-0.0967458,0.296544,-0.39329,38.6607018,111932,104225
197,P23-1,12156945.500000000000000,4357948.258999999612570,35,4,1297.979981,5360.899902,5.0798602,-0.0967458,0.296544,-0.39329,38.6607018,111932,104225
198,P23-1,12156945.500000000000000,4357948.258999999612570,36,4,1297.979981,5360.899902,5.0798602,-0.0967458,0.296544,-0.39329,38.6607018,111932,104225
199,P23-1,12156945.500000000000000,4357948.258999999612570,37,4,1297.979981,5360.899902,5.0798602,-0.0967458,0.296544,-0.39329,38.6607018,111932,104225
200,P23-1,12156945.500000000000000,4357948.258999999612570,38,4,1297.979981,5360.899902,5.0798602,-0.0967458,0.296544,-0.39329,38.6607018,111932,104225
201,P23-1,12156945.500000000000000,4357948.258999999612570,39,4,1297.979981,5360.899902,5.0798602,-0.0967458,0.296544,-0.39329,38.6607018,111932,104225
202,P23-1,12156945.500000000000000,4357948.258999999612570,40,4,1297.979981,5360.899902,5.0798602,-0.0967458,0.296544,-0.39329,38.6607018,111932,104225
203,P23-1,12156945.500000000000000,4357948.258999999612570,41,4,1297.979981,5360.899902,5.0798602,-0.0967458,0.296544,-0.39329,38.6607018,111932,104225
204,P23-1,12156945.500000000000000,4357948.258999999612570,42,4,1297.979981,5360.899902,5.0798602,-0.0967458,0.296544,-0.39329,38.6607018,111932,104225
205,P23-1,12156945.500000000000000,4357948.258999999612570,43,4,1297.979981,5360.899902,5.0798602,-0.0967458,0.296544,-0.39329,38.6607018,111932,104225
206,P23-1,12156945.500000000000000,4357948.258999999612570,44,4,1297.979981,5360.899902,5.0798602,-0.0967458,0.296544,-0.39329,38.6607018,111932,104225
207,P23-1,12156945.500000000000000,4357948.258999999612570,45,4,1297.979981,5360.899902,5.0798602,-0.0967458,0.296544,-0.39329,38.6607018,111932,104225
208,P23-1,12156945.500000000000000,4357948.258999999612570,46,4,1297.979981,5360.899902,5.0798602,-0.0967458,0.296544,-0.39329,38.6607018,111932,104225
209,P23-1,12156945.500000000000000,4357948.258999999612570,47,4,1297.979981,5360.899902,5.0798602,-0.0967458,0.296544,-0.39329,38.6607018,111932,104225
210,P23-1,12156945.500000000000000,4357948.258999999612570,48,4,1297.979981,5360.899902,5.0798602,-0.0967458,0.296544,-0.39329,38.6607018,111932,104225
211,P23-1,12156945.500000000000000,4357948.258999999612570,49,4,1297.979981,5360.899902,5.0798602,-0.0967458,0.296544,-0.39329,38.6607018,111932,104225
212,P23-1,12156945.500000000000000,4357948.258999999612570,50,4,1297.979981,5360.899902,5.0798602,-0.0967458,0.296544,-0.39329,38.6607018,111932,104225
213,P23-1,12156945.500000000000000,4357948.258999999612570,51,4,1297.979981,5360.899902,5.0798602,-0.0967458,0.296544,-0.39329,38.6607018,111932,104225
214,P23-1,12156945.500000000000000,4357948.258999999612570,52,4,1297.979981,5360.899902,5.0798602,-0.0967458,0.296544,-0.39329,38.6607018,111932,104225
215,P23-1,12156945.500000000000000,4357948.258999999612570,53,4,1297.979981,5360.899902,5.0798602,-0.0967458,0.296544,-0.39329,38.6607018,111932,104225
216,P23-1,12156945.500000000000000,4357948.258999999612570,54,4,1297.979981,5360.899902,5.0798602,-0.0967458,0.296544,-0.39329,38.6607018,111932,104225
217,P23-1,12156945.500000000000000,4357948.258999999612570,55,4,1297.979981,5360.899902,5.0798602,-0.0967458,0.296544,-0.39329,38.6607018,111932,104225
218,P23-1,12156945.500000000000000,4357948.258999999612570,56,4,1297.979981,5360.899902,5.0798602,-0.0967458,0.296544,-0.39329,38.6607018,111932,104225
219,P23-1,12156945.500000000000000,4357948.258999999612570,57,3,1297.979981,5360.899902,5.0798602,-0.0967458,0.296544,-0.39329,38.6607018,111932,104225
220,P23-1,12156945.500000000000000,4357948.258999999612570,58,3,1297.979981,5360.899902,5.0798602,-0.0967458,0.296544,-0.39329,38.6607018,111932,104225
221,P23-1,12156945.500000000000000,4357948.258999999612570,59,3,1297.979981,5360.899902,5.0798602,-0.0967458,0.296544,-0.39329,38.6607018,111932,104225
222,P23-1,12156945.500000000000000,4357948.258999999612570,60,3,1297.979981,5360.899902,5.0798602,-0.0967458,0.296544,-0.39329,38.6607018,111932,104225
223,P23-1,12156945.500000000000000,4357948.258999999612570,61,3,1297.979981,5360.899902,5.0798602,-0.0967458,0.296544,-0.39329,38.6607018,111932,104225
224,P23-1,12156945.500000000000000,4357948.258999999612570,62,3,1297.979981,5360.899902,5.0798602,-0.0967458,0.296544,-0.39329,38.6607018,111932,104225
225,P23-1,12156945.500000000000000,4357948.258999999612570,63,3,1297.979981,5360.899902,5.0798602,-0.0967458,0.296544,-0.39329,38.6607018,111932,104225
226,P23-1,12156945.500000000000000,4357948.258999999612570,64,3,1297.979981,5360.899902,5.0798602,-0.0967458,0.296544,-0.39329,38.6607018,111932,104225
227,P23-1,12156945.500000000000000,4357948.258999999612570,65,3,1297.979981,5360.899902,5.0798602,-0.0967458,0.296544,-0.39329,38.6607018,111932,104225
228,P23-1,12156945.500000000000000,4357948.258999999612570,66,3,1297.979981,5360.899902,5.0798602,-0.0967458,0.296544,-0.39329,38.6607018,111932,104225
229,P23-1,12156945.500000000000000,4357948.258999999612570,67,3,1297.979981,5360.899902,5.0798602,-0.0967458,0.296544,-0.39329,38.6607018,111932,104225
230,P23-1,12156945.500000000000000,4357948.258999999612570,68,3,1297.979981,5360.899902,5.0798602,-0.0967458,0.296544,-0.39329,38.6607018,111932,104225
231,P23-1,12156945.500000000000000,4357948.258999999612570,69,3,1297.979981,5360.899902,5.0798602,-0.0967458,0.296544,-0.39329,38.6607018,111932,104225
232,P23-1,12156945.500000000000000,4357948.258999999612570,70,3,1297.979981,5360.899902,5.0798602,-0.0967458,0.296544,-0.39329,38.6607018,111932,104225
233,P23-1,12156945.500000000000000,4357948.258999999612570,71,3,1297.979981,5360.899902,5.0798602,-0.0967458,0.296544,-0.39329,38.6607018,111932,104225
234,P23-1,12156945.500000000000000,4357948.258999999612570,72,3,1297.979981,5360.899902,5.0798602,-0.0967458,0.296544,-0.39329,38.6607018,111932,104225
235,P23-1,12156945.500000000000000,4357948.258999999612570,73,3,1297.979981,5360.899902,5.0798602,-0.0967458,0.296544,-0.39329,38.6607018,111932,104225
236,P23-1,12156945.500000000000000,4357948.258999999612570,74,3,1297.979981,5360.899902,5.0798602,-0.0967458,0.296544,-0.39329,38.6607018,111932,104225
237,P23-1,12156945.500000000000000,4357948.258999999612570,75,3,1297.979981,5360.899902,5.0798602,-0.0967458,0.296544,-0.39329,38.6607018,111932,104225
238,P23-1,12156945.500000000000000,4357948.258999999612570,76,3,1297.979981,5360.899902,5.0798602,-0.0967458,0.296544,-0.39329,38.6607018,111932,104225
239,P23-1,12156945.500000000000000,4357948.258999999612570,77,3,1297.979981,5360.899902,5.0798602,-0.0967458,0.296544,-0.39329,38.6607018,111932,104225
240,P23-1,12156945.500000000000000,4357948.258999999612570,78,3,1297.979981,5360.899902,5.0798602,-0.0967458,0.296544,-0.39329,38.6607018,111932,104225
241,P23-1,12156945.500000000000000,4357948.258999999612570,79,3,1297.979981,5360.899902,5.0798602,-0.0967458,0.296544,-0.39329,38.6607018,111932,104225
242,P23-1,12156945.500000000000000,4357948.258999999612570,80,3,1297.979981,5360.899902,5.0798602,-0.0967458,0.296544,-0.39329,38.6607018,111932,104225
243,P23-1,12156945.500000000000000,4357948.258999999612570,81,3,1297.979981,5360.899902,5.0798602,-0.0967458,0.296544,-0.39329,38.6607018,111932,104225
244,P23-1,12156945.500000000000000,4357948.258999999612570,82,3,1297.979981,5360.899902,5.0798602,-0.0967458,0.296544,-0.39329,38.6607018,111932,104225
245,P23-1,12156945.500000000000000,4357948.258999999612570,83,3,1297.979981,5360.899902,5.0798602,-0.0967458,0.296544,-0.39329,38.6607018,111932,104225
246,P23-1,12156945.500000000000000,4357948.258999999612570,84,3,1297.979981,5360.899902,5.0798602,-0.0967458,0.296544,-0.39329,38.6607018,111932,104225
247,P23-1,12156945.500000000000000,4357948.258999999612570,85,3,1297.979981,5360.899902,5.0798602,-0.0967458,0.296544,-0.39329,38.6607018,111932,104225
248,P23-1,12156945.500000000000000,4357948.258999999612570,86,3,1297.979981,5360.899902,5.0798602,-0.0967458,0.296544,-0.39329,38.6607018,111932,104225
249,P23-1,12156945.500000000000000,4357948.258999999612570,87,3,1297.979981,5360.899902,5.0798602,-0.0967458,0.296544,-0.39329,38.6607018,111932,104225
250,P23-1,12156945.500000000000000,4357948.258999999612570,88,3,1297.979981,5360.899902,5.0798602,-0.0967458,0.296544,-0.39329,38.6607018,111932,104225
251,P23-1,12156945.500000000000000,4357948.258999999612570,89,3,1297.979981,5360.899902,5.0798602,-0.0967458,0.296544,-0.39329,38.6607018,111932,104225
252,P23-1,12156945.500000000000000,4357948.258999999612570,90,3,1297.979981,5360.899902,5.0798602,-0.0967458,0.296544,-0.39329,38.6607018,111932,104225
253,P23-1,12156945.500000000000000,4357948.258999999612570,91,3,1297.979981,5360.899902,5.0798602,-0.0967458,0.296544,-0.39329,38.6607018,111932,104225
254,P23-1,12156945.500000000000000,4357948.258999999612570,92,3,1297.979981,5360.899902,5.0798602,-0.0967458,0.296544,-0.39329,38.6607018,111932,104225
255,P23-1,12156945.500000000000000,4357948.258999999612570,93,3,1297.979981,5360.899902,5.0798602,-0.0967458,0.296544,-0.39329,38.6607018,111932,104225
256,P23-1,12156945.500000000000000,4357948.258999999612570,94,3,1297.979981,5360.899902,5.0798602,-0.0967458,0.296544,-0.39329,38.6607018,111932,104225
257,P23-1,12156945.500000000000000,4357948.258999999612570,95,3,1297.979981,5360.899902,5.0798602,-0.0967458,0.296544,-0.39329,38.6607018,111932,104225
258,P23-1,12156945.500000000000000,4357948.258999999612570,96,3,1297.979981,5360.899902,5.0798602,-0.0967458,0.296544,-0.39329,38.6607018,111932,104225
259,P23-1,12156945.500000000000000,4357948.258999999612570,97,3,1297.979981,5360.899902,5.0798602,-0.0967458,0.296544,-0.39329,38.6607018,111932,104225
260,P23-1,12156945.500000000000000,4357948.258999999612570,98,3,1297.979981,5360.899902,5.0798602,-0.0967458,0.296544,-0.39329,38.6607018,111932,104225
261,P23-1,12156945.500000000000000,4357948.258999999612570,99,3,1297.979981,5360.899902,5.0798602,-0.0967458,0.296544,-0.39329,38.6607018,111932,104225
262,P23-1,12156945.500000000000000,4357948.258999999612570,100,3,1297.979981,5360.899902,5.0798602,-0.0967458,0.296544,-0.39329,38.6607018,111932,104225
263,P23-1,12156945.500000000000000,4357948.258999999612570,101,3,1297.979981,5360.899902,5.0798602,-0.0967458,0.296544,-0.39329,38.6607018,111932,104225
264,P23-1,12156945.500000000000000,4357948.258999999612570,102,3,1297.979981,5360.899902,5.0798602,-0.0967458,0.296544,-0.39329,38.6607018,111932,104225
265,P23-1,12156945.500000000000000,4357948.258999999612570,103,3,1297.979981,5360.899902,5.0798602,-0.0967458,0.296544,-0.39329,38.6607018,111932,104225
266,P23-1,12156945.500000000000000,4357948.258999999612570,104,3,1297.979981,5360.899902,5.0798602,-0.0967458,0.296544,-0.39329,38.6607018,111932,104225
267,P23-1,12156945.500000000000000,4357948.258999999612570,105,3,1297.979981,5360.899902,5.0798602,-0.0967458,0.296544,-0.39329,38.6607018,111932,104225
268,P23-1,12156945.500000000000000,4357948.258999999612570,106,3,1297.979981,5360.899902,5.0798602,-0.0967458,0.296544,-0.39329,38.6607018,111932,104225
269,P23-1,12156945.500000000000000,4357948.258999999612570,107,3,1297.979981,5360.899902,5.0798602,-0.0967458,0.296544,-0.39329,38.6607018,111932,104225
270,P23-1,12156945.500000000000000,4357948.258999999612570,108,4,1297.979981,5360.899902,5.0798602,-0.0967458,0.296544,-0.39329,38.6607018,111932,104225
271,P23-1,12156945.500000000000000,4357948.258999999612570,109,4,1297.979981,5360.899902,5.0798602,-0.0967458,0.296544,-0.39329,38.6607018,111932,104225
272,P23-1,12156945.500000000000000,4357948.258999999612570,110,4,1297.979981,5360.899902,5.0798602,-0.0967458,0.296544,-0.39329,38.6607018,111932,104225
273,P23-1,12156945.500000000000000,4357948.258999999612570,111,4,1297.979981,5360.899902,5.0798602,-0.0967458,0.296544,-0.39329,38.6607018,111932,104225
274,P23-1,12156945.500000000000000,4357948.258999999612570,112,4,1297.979981,5360.899902,5.0798602,-0.0967458,0.296544,-0.39329,38.6607018,111932,104225
275,P23-1,12156945.500000000000000,4357948.258999999612570,113,4,1297.979981,5360.899902,5.0798602,-0.0967458,0.296544,-0.39329,38.6607018,111932,104225
276,P23-1,12156945.500000000000000,4357948.258999999612570,114,4,1297.979981,5360.899902,5.0798602,-0.0967458,0.296544,-0.39329,38.6607018,111932,104225
277,P23-1,12156945.500000000000000,4357948.258999999612570,115,4,1297.979981,5360.899902,5.0798602,-0.0967458,0.296544,-0.39329,38.6607018,111932,104225
278,P23-1,12156945.500000000000000,4357948.258999999612570,116,4,1297.979981,5360.899902,5.0798602,-0.0967458,0.296544,-0.39329,38.6607018,111932,104225
279,P23-1,12156945.500000000000000,4357948.258999999612570,117,4,1297.979981,5360.899902,5.0798602,-0.0967458,0.296544,-0.39329,38.6607018,111932,104225
280,P23-1,12156945.500000000000000,4357948.258999999612570,118,4,1297.979981,5360.899902,5.0798602,-0.0967458,0.296544,-0.39329,38.6607018,111932,104225
281,P23-1,12156945.500000000000000,4357948.258999999612570,119,4,1297.979981,5360.899902,5.0798602,-0.0967458,0.296544,-0.39329,38.6607018,111932,104225
282,P23-1,12156945.500000000000000,4357948.258999999612570,120,4,1297.979981,5360.899902,5.0798602,-0.0967458,0.296544,-0.39329,38.6607018,111932,104225
283,P23-1,12156945.500000000000000,4357948.258999999612570,121,4,1297.979981,5360.899902,5.0798602,-0.0967458,0.296544,-0.39329,38.6607018,111932,104225
284,P23-1,12156945.500000000000000,4357948.258999999612570,122,4,1297.979981,5360.899902,5.0798602,-0.0967458,0.296544,-0.39329,38.6607018,111932,104225
285,P23-1,12156945.500000000000000,4357948.258999999612570,123,4,1297.979981,5360.899902,5.0798602,-0.0967458,0.296544,-0.39329,38.6607018,111932,104225
286,P23-1,12156945.500000000000000,4357948.258999999612570,124,4,1297.979981,5360.899902,5.0798602,-0.0967458,0.296544,-0.39329,38.6607018,111932,104225
287,P23-1,12156945.500000000000000,4357948.258999999612570,125,4,1297.979981,5360.899902,5.0798602,-0.0967458,0.296544,-0.39329,38.6607018,111932,104225
288,P23-1,12156945.500000000000000,4357948.258999999612570,126,4,1297.979981,5360.899902,5.0798602,-0.0967458,0.296544,-0.39329,38.6607018,111932,104225
289,P23-1,12156945.500000000000000,4357948.258999999612570,127,4,1297.979981,5360.899902,5.0798602,-0.0967458,0.296544,-0.39329,38.6607018,111932,104225
290,P23-1,12156945.500000000000000,4357948.258999999612570,128,4,1297.979981,5360.899902,5.0798602,-0.0967458,0.296544,-0.39329,38.6607018,111932,104225
291,P23-1,12156945.500000000000000,4357948.258999999612570,129,4,1297.979981,5360.899902,5.0798602,-0.0967458,0.296544,-0.39329,38.6607018,111932,104225
292,P23-1,12156945.500000000000000,4357948.258999999612570,130,4,1297.979981,5360.899902,5.0798602,-0.0967458,0.296544,-0.39329,38.6607018,111932,104225
293,P23-1,12156945.500000000000000,4357948.258999999612570,131,4,1297.979981,5360.899902,5.0798602,-0.0967458,0.296544,-0.39329,38.6607018,111932,104225
294,P23-1,12156945.500000000000000,4357948.258999999612570,132,4,1297.979981,5360.899902,5.0798602,-0.0967458,0.296544,-0.39329,38.6607018,111932,104225
295,P23-1,12156945.500000000000000,4357948.258999999612570,133,4,1297.979981,5360.899902,5.0798602,-0.0967458,0.296544,-0.39329,38.6607018,111932,104225
296,P23-1,12156945.500000000000000,4357948.258999999612570,134,4,1297.979981,5360.899902,5.0798602,-0.0967458,0.296544,-0.39329,38.6607018,111932,104225
297,P23-1,12156945.500000000000000,4357948.258999999612570,135,4,1297.979981,5360.899902,5.0798602,-0.0967458,0.296544,-0.39329,38.6607018,111932,104225
298,P23-1,12156945.500000000000000,4357948.258999999612570,136,4,1297.979981,5360.899902,5.0798602,-0.0967458,0.296544,-0.39329,38.6607018,111932,104225
299,P23-1,12156945.500000000000000,4357948.258999999612570,137,4,1297.979981,5360.899902,5.0798602,-0.0967458,0.296544,-0.39329,38.6607018,111932,104225
300,P23-1,12156945.500000000000000,4357948.258999999612570,138,4,1297.979981,5360.899902,5.0798602,-0.0967458,0.296544,-0.39329,38.6607018,111932,104225
301,P23-1,12156945.500000000000000,4357948.258999999612570,139,4,1297.979981,5360.899902,5.0798602,-0.0967458,0.296544,-0.39329,38.6607018,111932,104225
302,P23-1,12156945.500000000000000,4357948.258999999612570,140,4,1297.979981,5360.899902,5.0798602,-0.0967458,0.296544,-0.39329,38.6607018,111932,104225
303,P23-1,12156945.500000000000000,4357948.258999999612570,141,4,1297.979981,5360.899902,5.0798602,-0.0967458,0.296544,-0.39329,38.6607018,111932,104225
304,P23-1,12156945.500000000000000,4357948.258999999612570,142,4,1297.979981,5360.899902,5.0798602,-0.0967458,0.296544,-0.39329,38.6607018,111932,104225
305,P23-1,12156945.500000000000000,4357948.258999999612570,143,4,1297.979981,5360.899902,5.0798602,-0.0967458,0.296544,-0.39329,38.6607018,111932,104225
306,P23-1,12156945.500000000000000,4357948.258999999612570,144,4,1297.979981,5360.899902,5.0798602,-0.0967458,0.296544,-0.39329,38.6607018,111932,104225
307,P23-1,12156945.500000000000000,4357948.258999999612570,145,4,1297.979981,5360.899902,5.0798602,-0.0967458,0.296544,-0.39329,38.6607018,111932,104225
308,P23-1,12156945.500000000000000,4357948.258999999612570,146,4,1297.979981,5360.899902,5.0798602,-0.0967458,0.296544,-0.39329,38.6607018,111932,104225
309,P23-1,12156945.500000000000000,4357948.258999999612570,147,4,1297.979981,5360.899902,5.0798602,-0.0967458,0.296544,-0.39329,38.6607018,111932,104225
310,P23-1,12156945.500000000000000,4357948.258999999612570,148,4,1297.979981,5360.899902,5.0798602,-0.0967458,0.296544,-0.39329,38.6607018,111932,104225
311,P23-1,12156945.500000000000000,4357948.258999999612570,149,4,1297.979981,5360.899902,5.0798602,-0.0967458,0.296544,-0.39329,38.6607018,111932,104225
312,P23-1,12156945.500000000000000,4357948.258999999612570,150,4,1297.979981,5360.899902,5.0798602,-0.0967458,0.296544,-0.39329,38.6607018,111932,104225
313,P23-1,12156945.500000000000000,4357948.258999999612570,151,4,1297.979981,5360.899902,5.0798602,-0.0967458,0.296544,-0.39329,38.6607018,111932,104225
314,P23-1,12156945.500000000000000,4357948.258999999612570,152,4,1297.979981,5360.899902,5.0798602,-0.0967458,0.296544,-0.39329,38.6607018,111932,104225
315,P23-1,12156945.500000000000000,4357948.258999999612570,153,4,1297.979981,5360.899902,5.0798602,-0.0967458,0.296544,-0.39329,38.6607018,111932,104225
316,P23-1,12156945.500000000000000,4357948.258999999612570,154,4,1297.979981,5360.899902,5.0798602,-0.0967458,0.296544,-0.39329,38.6607018,111932,104225
317,P23-1,12156945.500000000000000,4357948.258999999612570,155,4,1297.979981,5360.899902,5.0798602,-0.0967458,0.296544,-0.39329,38.6607018,111932,104225
318,P23-1,12156945.500000000000000,4357948.258999999612570,156,4,1297.979981,5360.899902,5.0798602,-0.0967458,0.296544,-0.39329,38.6607018,111932,104225
319,P23-1,12156945.500000000000000,4357948.258999999612570,157,4,1297.979981,5360.899902,5.0798602,-0.0967458,0.296544,-0.39329,38.6607018,111932,104225
320,P23-1,12156945.500000000000000,4357948.258999999612570,158,4,1297.979981,5360.899902,5.0798602,-0.0967458,0.296544,-0.39329,38.6607018,111932,104225
321,P23-1,12156945.500000000000000,4357948.258999999612570,159,5,1297.979981,5360.899902,5.0798602,-0.0967458,0.296544,-0.39329,38.6607018,111932,104225
322,P23-1,12156945.500000000000000,4357948.258999999612570,160,5,1297.979981,5360.899902,5.0798602,-0.0967458,0.296544,-0.39329,38.6607018,111932,104225
323,P23-1,12156945.500000000000000,4357948.258999999612570,161,5,1297.979981,5360.899902,5.0798602,-0.0967458,0.296544,-0.39329,38.6607018,111932,104225
324,P23-1,12156945.500000000000000,4357948.258999999612570,162,5,1297.979981,5360.899902,5.0798602,-0.0967458,0.296544,-0.39329,38.6607018,111932,104225
325,P23-1,12156945.500000000000000,4357948.258999999612570,163,5,1297.979981,5360.899902,5.0798602,-0.0967458,0.296544,-0.39329,38.6607018,111932,104225
326,P23-1,12156945.500000000000000,4357948.258999999612570,164,5,1297.979981,5360.899902,5.0798602,-0.0967458,0.296544,-0.39329,38.6607018,111932,104225
327,P23-1,12156945.500000000000000,4357948.258999999612570,165,5,1297.979981,5360.899902,5.0798602,-0.0967458,0.296544,-0.39329,38.6607018,111932,104225
328,P23-1,12156945.500000000000000,4357948.258999999612570,166,5,1297.979981,5360.899902,5.0798602,-0.0967458,0.296544,-0.39329,38.6607018,111932,104225
329,P23-1,12156945.500000000000000,4357948.258999999612570,167,5,1297.979981,5360.899902,5.0798602,-0.0967458,0.296544,-0.39329,38.6607018,111932,104225
330,P23-1,12156945.500000000000000,4357948.258999999612570,168,5,1297.979981,5360.899902,5.0798602,-0.0967458,0.296544,-0.39329,38.6607018,111932,104225
331,P23-1,12156945.500000000000000,4357948.258999999612570,169,5,1297.979981,5360.899902,5.0798602,-0.0967458,0.296544,-0.39329,38.6607018,111932,104225
332,P23-1,12156945.500000000000000,4357948.258999999612570,170,5,1297.979981,5360.899902,5.0798602,-0.0967458,0.296544,-0.39329,38.6607018,111932,104225
333,P23-1,12156945.500000000000000,4357948.258999999612570,171,5,1297.979981,5360.899902,5.0798602,-0.0967458,0.296544,-0.39329,38.6607018,111932,104225
334,P23-1,12156945.500000000000000,4357948.258999999612570,172,5,1297.979981,5360.899902,5.0798602,-0.0967458,0.296544,-0.39329,38.6607018,111932,104225
335,P23-1,12156945.500000000000000,4357948.258999999612570,173,5,1297.979981,5360.899902,5.0798602,-0.0967458,0.296544,-0.39329,38.6607018,111932,104225
336,P23-1,12156945.500000000000000,4357948.258999999612570,174,5,1297.979981,5360.899902,5.0798602,-0.0967458,0.296544,-0.39329,38.6607018,111932,104225
337,P23-1,12156945.500000000000000,4357948.258999999612570,175,5,1297.979981,5360.899902,5.0798602,-0.0967458,0.296544,-0.39329,38.6607018,111932,104225
338,P23-1,12156945.500000000000000,4357948.258999999612570,176,5,1297.979981,5360.899902,5.0798602,-0.0967458,0.296544,-0.39329,38.6607018,111932,104225
339,P23-1,12156945.500000000000000,4357948.258999999612570,177,5,1297.979981,5360.899902,5.0798602,-0.0967458,0.296544,-0.39329,38.6607018,111932,104225
340,P23-1,12156945.500000000000000,4357948.258999999612570,178,5,1297.979981,5360.899902,5.0798602,-0.0967458,0.296544,-0.39329,38.6607018,111932,104225
341,P23-1,12156945.500000000000000,4357948.258999999612570,179,5,1297.979981,5360.899902,5.0798602,-0.0967458,0.296544,-0.39329,38.6607018,111932,104225
342,P23-1,12156945.500000000000000,4357948.258999999612570,180,5,1297.979981,5360.899902,5.0798602,-0.0967458,0.296544,-0.39329,38.6607018,111932,104225
343,P23-1,12156945.500000000000000,4357948.258999999612570,181,5,1297.979981,5360.899902,5.0798602,-0.0967458,0.296544,-0.39329,38.6607018,111932,104225
344,P23-1,12156945.500000000000000,4357948.258999999612570,182,5,1297.979981,5360.899902,5.0798602,-0.0967458,0.296544,-0.39329,38.6607018,111932,104225
345,P23-1,12156945.500000000000000,4357948.258999999612570,183,5,1297.979981,5360.899902,5.0798602,-0.0967458,0.296544,-0.39329,38.6607018,111932,104225
346,P23-1,12156945.500000000000000,4357948.258999999612570,184,5,1297.979981,5360.899902,5.0798602,-0.0967458,0.296544,-0.39329,38.6607018,111932,104225
347,P23-1,12156945.500000000000000,4357948.258999999612570,185,5,1297.979981,5360.899902,5.0798602,-0.0967458,0.296544,-0.39329,38.6607018,111932,104225
348,P23-1,12156945.500000000000000,4357948.258999999612570,186,5,1297.979981,5360.899902,5.0798602,-0.0967458,0.296544,-0.39329,38.6607018,111932,104225
349,P23-1,12156945.500000000000000,4357948.258999999612570,187,5,1297.979981,5360.899902,5.0798602,-0.0967458,0.296544,-0.39329,38.6607018,111932,104225
350,P23-1,12156945.500000000000000,4357948.258999999612570,188,5,1297.979981,5360.899902,5.0798602,-0.0967458,0.296544,-0.39329,38.6607018,111932,104225
351,P23-1,12156945.500000000000000,4357948.258999999612570,189,5,1297.979981,5360.899902,5.0798602,-0.0967458,0.296544,-0.39329,38.6607018,111932,104225
352,P23-1,12156945.500000000000000,4357948.258999999612570,190,5,1297.979981,5360.899902,5.0798602,-0.0967458,0.296544,-0.39329,38.6607018,111932,104225
353,P23-1,12156945.500000000000000,4357948.258999999612570,191,5,1297.979981,5360.899902,5.0798602,-0.0967458,0.296544,-0.39329,38.6607018,111932,104225
354,P23-1,12156945.500000000000000,4357948.258999999612570,192,5,1297.979981,5360.899902,5.0798602,-0.0967458,0.296544,-0.39329,38.6607018,111932,104225
355,P23-1,12156945.500000000000000,4357948.258999999612570,193,5,1297.979981,5360.899902,5.0798602,-0.0967458,0.296544,-0.39329,38.6607018,111932,104225
356,P23-1,12156945.500000000000000,4357948.258999999612570,194,5,1297.979981,5360.899902,5.0798602,-0.0967458,0.296544,-0.39329,38.6607018,111932,104225
357,P23-1,12156945.500000000000000,4357948.258999999612570,195,5,1297.979981,5360.899902,5.0798602,-0.0967458,0.296544,-0.39329,38.6607018,111932,104225
358,P23-1,12156945.500000000000000,4357948.258999999612570,196,5,1297.979981,5360.899902,5.0798602,-0.0967458,0.296544,-0.39329,38.6607018,111932,104225
359,P23-1,12156945.500000000000000,4357948.258999999612570,197,5,1297.979981,5360.899902,5.0798602,-0.0967458,0.296544,-0.39329,38.6607018,111932,104225
360,P23-1,12156945.500000000000000,4357948.258999999612570,198,5,1297.979981,5360.899902,5.0798602,-0.0967458,0.296544,-0.39329,38.6607018,111932,104225
361,P23-1,12156945.500000000000000,4357948.258999999612570,199,5,1297.979981,5360.899902,5.0798602,-0.0967458,0.296544,-0.39329,38.6607018,111932,104225
362,P23-1,12156945.500000000000000,4357948.258999999612570,200,5,1297.979981,5360.899902,5.0798602,-0.0967458,0.296544,-0.39329,38.6607018,111932,104225
363,P23-1,12156945.500000000000000,4357948.258999999612570,201,5,1297.979981,5360.899902,5.0798602,-0.0967458,0.296544,-0.39329,38.6607018,111932,104225
364,P23-1,12156945.500000000000000,4357948.258999999612570,202,5,1297.979981,5360.899902,5.0798602,-0.0967458,0.296544,-0.39329,38.6607018,111932,104225
365,P23-1,12156945.500000000000000,4357948.258999999612570,203,5,1297.979981,5360.899902,5.0798602,-0.0967458,0.296544,-0.39329,38.6607018,111932,104225
366,P23-1,12156945.500000000000000,4357948.258999999612570,204,5,1297.979981,5360.899902,5.0798602,-0.0967458,0.296544,-0.39329,38.6607018,111932,104225
367,P23-1,12156945.500000000000000,4357948.258999999612570,205,5,1297.979981,5360.899902,5.0798602,-0.0967458,0.296544,-0.39329,38.6607018,111932,104225
368,P23-1,12156945.500000000000000,4357948.258999999612570,206,5,1297.979981,5360.899902,5.0798602,-0.0967458,0.296544,-0.39329,38.6607018,111932,104225
369,P23-1,12156945.500000000000000,4357948.258999999612570,207,5,1297.979981,5360.899902,5.0798602,-0.0967458,0.296544,-0.39329,38.6607018,111932,104225
370,P23-1,12156945.500000000000000,4357948.258999999612570,208,5,1297.979981,5360.899902,5.0798602,-0.0967458,0.296544,-0.39329,38.6607018,111932,104225
371,P23-1,12156945.500000000000000,4357948.258999999612570,209,5,1297.979981,5360.899902,5.0798602,-0.0967458,0.296544,-0.39329,38.6607018,111932,104225
372,P23-1,12156945.500000000000000,4357948.258999999612570,210,5,1297.979981,5360.899902,5.0798602,-0.0967458,0.296544,-0.39329,38.6607018,111932,104225
373,P23-1,12156945.500000000000000,4357948.258999999612570,211,5,1297.979981,5360.899902,5.0798602,-0.0967458,0.296544,-0.39329,38.6607018,111932,104225
374,P23-1,12156945.500000000000000,4357948.258999999612570,212,5,1297.979981,5360.899902,5.0798602,-0.0967458,0.296544,-0.39329,38.6607018,111932,104225
375,P23-1,12156945.500000000000000,4357948.258999999612570,213,5,1297.979981,5360.899902,5.0798602,-0.0967458,0.296544,-0.39329,38.6607018,111932,104225
376,P23-1,12156945.500000000000000,4357948.258999999612570,214,5,1297.979981,5360.899902,5.0798602,-0.0967458,0.296544,-0.39329,38.6607018,111932,104225
377,P23-1,12156945.500000000000000,4357948.258999999612570,215,5,1297.979981,5360.899902,5.0798602,-0.0967458,0.296544,-0.39329,38.6607018,111932,104225
378,P23-1,12156945.500000000000000,4357948.258999999612570,216,1,1297.979981,5360.899902,5.0798602,-0.0967458,0.296544,-0.39329,38.6607018,111932,104225
379,P23-1,12156945.500000000000000,4357948.258999999612570,217,1,1297.979981,5360.899902,5.0798602,-0.0967458,0.296544,-0.39329,38.6607018,111932,104225
380,P23-1,12156945.500000000000000,4357948.258999999612570,218,1,1297.979981,5360.899902,5.0798602,-0.0967458,0.296544,-0.39329,38.6607018,111932,104225
381,P23-1,12156945.500000000000000,4357948.258999999612570,219,1,1297.979981,5360.899902,5.0798602,-0.0967458,0.296544,-0.39329,38.6607018,111932,104225
382,P23-1,12156945.500000000000000,4357948.258999999612570,220,1,1297.979981,5360.899902,5.0798602,-0.0967458,0.296544,-0.39329,38.6607018,111932,104225
383,P23-1,12156945.500000000000000,4357948.258999999612570,221,1,1297.979981,5360.899902,5.0798602,-0.0967458,0.296544,-0.39329,38.6607018,111932,104225
384,P23-1,12156945.500000000000000,4357948.258999999612570,222,1,1297.979981,5360.899902,5.0798602,-0.0967458,0.296544,-0.39329,38.6607018,111932,104225
385,P23-1,12156945.500000000000000,4357948.258999999612570,223,1,1297.979981,5360.899902,5.0798602,-0.0967458,0.296544,-0.39329,38.6607018,111932,104225
386,P23-1,12156945.500000000000000,4357948.258999999612570,224,1,1297.979981,5360.899902,5.0798602,-0.0967458,0.296544,-0.39329,38.6607018,111932,104225
387,P23-1,12156945.500000000000000,4357948.258999999612570,225,1,1297.979981,5360.899902,5.0798602,-0.0967458,0.296544,-0.39329,38.6607018,111932,104225
388,P23-1,12156945.500000000000000,4357948.258999999612570,226,1,1297.979981,5360.899902,5.0798602,-0.0967458,0.296544,-0.39329,38.6607018,111932,104225
389,P23-1,12156945.500000000000000,4357948.258999999612570,227,1,1297.979981,5360.899902,5.0798602,-0.0967458,0.296544,-0.39329,38.6607018,111932,104225
390,P23-1,12156945.500000000000000,4357948.258999999612570,228,1,1297.979981,5360.899902,5.0798602,-0.0967458,0.296544,-0.39329,38.6607018,111932,104225
391,P23-1,12156945.500000000000000,4357948.258999999612570,229,1,1297.979981,5360.899902,5.0798602,-0.0967458,0.296544,-0.39329,38.6607018,111932,104225
392,P23-1,12156945.500000000000000,4357948.258999999612570,230,1,1297.979981,5360.899902,5.0798602,-0.0967458,0.296544,-0.39329,38.6607018,111932,104225
393,P23-1,12156945.500000000000000,4357948.258999999612570,231,1,1297.979981,5360.899902,5.0798602,-0.0967458,0.296544,-0.39329,38.6607018,111932,104225
394,P23-1,12156945.500000000000000,4357948.258999999612570,232,1,1297.979981,5360.899902,5.0798602,-0.0967458,0.296544,-0.39329,38.6607018,111932,104225
395,P23-1,12156945.500000000000000,4357948.258999999612570,233,1,1297.979981,5360.899902,5.0798602,-0.0967458,0.296544,-0.39329,38.6607018,111932,104225
396,P23-1,12156945.500000000000000,4357948.258999999612570,234,1,1297.979981,5360.899902,5.0798602,-0.0967458,0.296544,-0.39329,38.6607018,111932,104225
397,P23-1,12156945.500000000000000,4357948.258999999612570,235,1,1297.979981,5360.899902,5.0798602,-0.0967458,0.296544,-0.39329,38.6607018,111932,104225
398,P23-1,12156945.500000000000000,4357948.258999999612570,236,1,1297.979981,5360.899902,5.0798602,-0.0967458,0.296544,-0.39329,38.6607018,111932,104225
399,P23-1,12156945.500000000000000,4357948.258999999612570,237,1,1297.979981,5360.899902,5.0798602,-0.0967458,0.296544,-0.39329,38.6607018,111932,104225
400,P23-1,12156945.500000000000000,4357948.258999999612570,238,1,1297.979981,5360.899902,5.0798602,-0.0967458,0.296544,-0.39329,38.6607018,111932,104225
401,P23-1,12156945.500000000000000,4357948.258999999612570,239,1,1297.979981,5360.899902,5.0798602,-0.0967458,0.296544,-0.39329,38.6607018,111932,104225
402,P23-1,12156945.500000000000000,4357948.258999999612570,240,1,1297.979981,5360.899902,5.0798602,-0.0967458,0.296544,-0.39329,38.6607018,111932,104225
403,P23-1,12156945.500000000000000,4357948.258999999612570,241,1,1297.979981,5360.899902,5.0798602,-0.0967458,0.296544,-0.39329,38.6607018,111932,104225
404,P23-1,12156945.500000000000000,4357948.258999999612570,242,1,1297.979981,5360.899902,5.0798602,-0.0967458,0.296544,-0.39329,38.6607018,111932,104225
405,P23-1,12156945.500000000000000,4357948.258999999612570,243,1,1297.979981,5360.899902,5.0798602,-0.0967458,0.296544,-0.39329,38.6607018,111932,104225
406,P23-1,12156945.500000000000000,4357948.258999999612570,244,1,1297.979981,5360.899902,5.0798602,-0.0967458,0.296544,-0.39329,38.6607018,111932,104225
407,P23-1,12156945.500000000000000,4357948.258999999612570,245,1,1297.979981,5360.899902,5.0798602,-0.0967458,0.296544,-0.39329,38.6607018,111932,104225
408,P23-1,12156945.500000000000000,4357948.258999999612570,246,1,1297.979981,5360.899902,5.0798602,-0.0967458,0.296544,-0.39329,38.6607018,111932,104225
409,P23-1,12156945.500000000000000,4357948.258999999612570,247,1,1297.979981,5360.899902,5.0798602,-0.0967458,0.296544,-0.39329,38.6607018,111932,104225
410,P23-1,12156945.500000000000000,4357948.258999999612570,248,1,1297.979981,5360.899902,5.0798602,-0.0967458,0.296544,-0.39329,38.6607018,111932,104225
411,P23-1,12156945.500000000000000,4357948.258999999612570,249,1,1297.979981,5360.899902,5.0798602,-0.0967458,0.296544,-0.39329,38.6607018,111932,104225
412,P23-1,12156945.500000000000000,4357948.258999999612570,250,1,1297.979981,5360.899902,5.0798602,-0.0967458,0.296544,-0.39329,38.6607018,111932,104225
413,P23-1,12156945.500000000000000,4357948.258999999612570,251,1,1297.979981,5360.899902,5.0798602,-0.0967458,0.296544,-0.39329,38.6607018,111932,104225
414,P23-1,12156945.500000000000000,4357948.258999999612570,252,1,1297.979981,5360.899902,5.0798602,-0.0967458,0.296544,-0.39329,38.6607018,111932,104225
415,P23-1,12156945.500000000000000,4357948.258999999612570,253,1,1297.979981,5360.899902,5.0798602,-0.0967458,0.296544,-0.39329,38.6607018,111932,104225
416,P23-1,12156945.500000000000000,4357948.258999999612570,254,1,1297.979981,5360.899902,5.0798602,-0.0967458,0.296544,-0.39329,38.6607018,111932,104225
417,P23-1,12156945.500000000000000,4357948.258999999612570,255,4,1297.979981,5360.899902,5.0798602,-0.0967458,0.296544,-0.39329,38.6607018,111932,104225
418,P23-1,12156945.500000000000000,4357948.258999999612570,256,4,1297.979981,5360.899902,5.0798602,-0.0967458,0.296544,-0.39329,38.6607018,111932,104225
419,P23-1,12156945.500000000000000,4357948.258999999612570,257,4,1297.979981,5360.899902,5.0798602,-0.0967458,0.296544,-0.39329,38.6607018,111932,104225
420,P23-1,12156945.500000000000000,4357948.258999999612570,258,4,1297.979981,5360.899902,5.0798602,-0.0967458,0.296544,-0.39329,38.6607018,111932,104225
421,P23-1,12156945.500000000000000,4357948.258999999612570,259,4,1297.979981,5360.899902,5.0798602,-0.0967458,0.296544,-0.39329,38.6607018,111932,104225
422,P23-1,12156945.500000000000000,4357948.258999999612570,260,4,1297.979981,5360.899902,5.0798602,-0.0967458,0.296544,-0.39329,38.6607018,111932,104225
423,P23-1,12156945.500000000000000,4357948.258999999612570,261,4,1297.979981,5360.899902,5.0798602,-0.0967458,0.296544,-0.39329,38.6607018,111932,104225
424,P23-1,12156945.500000000000000,4357948.258999999612570,262,4,1297.979981,5360.899902,5.0798602,-0.0967458,0.296544,-0.39329,38.6607018,111932,104225
425,P23-1,12156945.500000000000000,4357948.258999999612570,263,4,1297.979981,5360.899902,5.0798602,-0.0967458,0.296544,-0.39329,38.6607018,111932,104225
426,P23-1,12156945.500000000000000,4357948.258999999612570,264,4,1297.979981,5360.899902,5.0798602,-0.0967458,0.296544,-0.39329,38.6607018,111932,104225
427,P23-1,12156945.500000000000000,4357948.258999999612570,265,4,1297.979981,5360.899902,5.0798602,-0.0967458,0.296544,-0.39329,38.6607018,111932,104225
428,P23-1,12156945.500000000000000,4357948.258999999612570,266,4,1297.979981,5360.899902,5.0798602,-0.0967458,0.296544,-0.39329,38.6607018,111932,104225
429,P23-1,12156945.500000000000000,4357948.258999999612570,267,4,1297.979981,5360.899902,5.0798602,-0.0967458,0.296544,-0.39329,38.6607018,111932,104225
430,P23-1,12156945.500000000000000,4357948.258999999612570,268,4,1297.979981,5360.899902,5.0798602,-0.0967458,0.296544,-0.39329,38.6607018,111932,104225
431,P23-1,12156945.500000000000000,4357948.258999999612570,269,4,1297.979981,5360.899902,5.0798602,-0.0967458,0.296544,-0.39329,38.6607018,111932,104225
432,P23-1,12156945.500000000000000,4357948.258999999612570,270,4,1297.979981,5360.899902,5.0798602,-0.0967458,0.296544,-0.39329,38.6607018,111932,104225
433,P23-1,12156945.500000000000000,4357948.258999999612570,271,4,1297.979981,5360.899902,5.0798602,-0.0967458,0.296544,-0.39329,38.6607018,111932,104225
434,P23-1,12156945.500000000000000,4357948.258999999612570,272,4,1297.979981,5360.899902,5.0798602,-0.0967458,0.296544,-0.39329,38.6607018,111932,104225
435,P23-1,12156945.500000000000000,4357948.258999999612570,273,4,1297.979981,5360.899902,5.0798602,-0.0967458,0.296544,-0.39329,38.6607018,111932,104225
436,P23-1,12156945.500000000000000,4357948.258999999612570,274,4,1297.979981,5360.899902,5.0798602,-0.0967458,0.296544,-0.39329,38.6607018,111932,104225
437,P23-1,12156945.500000000000000,4357948.258999999612570,275,4,1297.979981,5360.899902,5.0798602,-0.0967458,0.296544,-0.39329,38.6607018,111932,104225
438,P23-1,12156945.500000000000000,4357948.258999999612570,276,4,1297.979981,5360.899902,5.0798602,-0.0967458,0.296544,-0.39329,38.6607018,111932,104225
439,P23-1,12156945.500000000000000,4357948.258999999612570,277,4,1297.979981,5360.899902,5.0798602,-0.0967458,0.296544,-0.39329,38.6607018,111932,104225
440,P23-1,12156945.500000000000000,4357948.258999999612570,278,4,1297.979981,5360.899902,5.0798602,-0.0967458,0.296544,-0.39329,38.6607018,111932,104225
441,P23-1,12156945.500000000000000,4357948.258999999612570,279,4,1297.979981,5360.899902,5.0798602,-0.0967458,0.296544,-0.39329,38.6607018,111932,104225
442,P23-1,12156945.500000000000000,4357948.258999999612570,280,4,1297.979981,5360.899902,5.0798602,-0.0967458,0.296544,-0.39329,38.6607018,111932,104225
443,P23-1,12156945.500000000000000,4357948.258999999612570,281,4,1297.979981,5360.899902,5.0798602,-0.0967458,0.296544,-0.39329,38.6607018,111932,104225
444,P23-1,12156945.500000000000000,4357948.258999999612570,282,4,1297.979981,5360.899902,5.0798602,-0.0967458,0.296544,-0.39329,38.6607018,111932,104225
445,P23-1,12156945.500000000000000,4357948.258999999612570,283,4,1297.979981,5360.899902,5.0798602,-0.0967458,0.296544,-0.39329,38.6607018,111932,104225
446,P23-1,12156945.500000000000000,4357948.258999999612570,284,4,1297.979981,5360.899902,5.0798602,-0.0967458,0.296544,-0.39329,38.6607018,111932,104225
447,P23-1,12156945.500000000000000,4357948.258999999612570,285,4,1297.979981,5360.899902,5.0798602,-0.0967458,0.296544,-0.39329,38.6607018,111932,104225
448,P23-1,12156945.500000000000000,4357948.258999999612570,286,4,1297.979981,5360.899902,5.0798602,-0.0967458,0.296544,-0.39329,38.6607018,111932,104225
449,P23-1,12156945.500000000000000,4357948.258999999612570,287,4,1297.979981,5360.899902,5.0798602,-0.0967458,0.296544,-0.39329,38.6607018,111932,104225
450,P23-1,12156945.500000000000000,4357948.258999999612570,288,4,1297.979981,5360.899902,5.0798602,-0.0967458,0.296544,-0.39329,38.6607018,111932,104225
451,P23-1,12156945.500000000000000,4357948.258999999612570,289,4,1297.979981,5360.899902,5.0798602,-0.0967458,0.296544,-0.39329,38.6607018,111932,104225
452,P23-1,12156945.500000000000000,4357948.258999999612570,290,4,1297.979981,5360.899902,5.0798602,-0.0967458,0.296544,-0.39329,38.6607018,111932,104225
453,P23-1,12156945.500000000000000,4357948.258999999612570,291,4,1297.979981,5360.899902,5.0798602,-0.0967458,0.296544,-0.39329,38.6607018,111932,104225
454,P23-1,12156945.500000000000000,4357948.258999999612570,292,4,1297.979981,5360.899902,5.0798602,-0.0967458,0.296544,-0.39329,38.6607018,111932,104225
455,P23-1,12156945.500000000000000,4357948.258999999612570,293,1,1297.979981,5360.899902,5.0798602,-0.0967458,0.296544,-0.39329,38.6607018,111932,104225
456,P23-1,12156945.500000000000000,4357948.258999999612570,294,1,1297.979981,5360.899902,5.0798602,-0.0967458,0.296544,-0.39329,38.6607018,111932,104225
457,P23-1,12156945.500000000000000,4357948.258999999612570,295,1,1297.979981,5360.899902,5.0798602,-0.0967458,0.296544,-0.39329,38.6607018,111932,104225
458,P23-1,12156945.500000000000000,4357948.258999999612570,296,1,1297.979981,5360.899902,5.0798602,-0.0967458,0.296544,-0.39329,38.6607018,111932,104225
459,P23-1,12156945.500000000000000,4357948.258999999612570,297,1,1297.979981,5360.899902,5.0798602,-0.0967458,0.296544,-0.39329,38.6607018,111932,104225
460,P23-1,12156945.500000000000000,4357948.258999999612570,298,1,1297.979981,5360.899902,5.0798602,-0.0967458,0.296544,-0.39329,38.6607018,111932,104225
461,P23-1,12156945.500000000000000,4357948.258999999612570,299,1,1297.979981,5360.899902,5.0798602,-0.0967458,0.296544,-0.39329,38.6607018,111932,104225
462,P23-1,12156945.500000000000000,4357948.258999999612570,300,1,1297.979981,5360.899902,5.0798602,-0.0967458,0.296544,-0.39329,38.6607018,111932,104225
463,P23-1,12156945.500000000000000,4357948.258999999612570,301,1,1297.979981,5360.899902,5.0798602,-0.0967458,0.296544,-0.39329,38.6607018,111932,104225
464,P23-1,12156945.500000000000000,4357948.258999999612570,302,1,1297.979981,5360.899902,5.0798602,-0.0967458,0.296544,-0.39329,38.6607018,111932,104225
465,P23-1,12156945.500000000000000,4357948.258999999612570,303,1,1297.979981,5360.899902,5.0798602,-0.0967458,0.296544,-0.39329,38.6607018,111932,104225
466,P23-1,12156945.500000000000000,4357948.258999999612570,304,1,1297.979981,5360.899902,5.0798602,-0.0967458,0.296544,-0.39329,38.6607018,111932,104225
467,P23-1,12156945.500000000000000,4357948.258999999612570,305,1,1297.979981,5360.899902,5.0798602,-0.0967458,0.296544,-0.39329,38.6607018,111932,104225
468,P23-1,12156945.500000000000000,4357948.258999999612570,306,1,1297.979981,5360.899902,5.0798602,-0.0967458,0.296544,-0.39329,38.6607018,111932,104225
469,P23-1,12156945.500000000000000,4357948.258999999612570,307,1,1297.979981,5360.899902,5.0798602,-0.0967458,0.296544,-0.39329,38.6607018,111932,104225
470,P23-1,12156945.500000000000000,4357948.258999999612570,308,1,1297.979981,5360.899902,5.0798602,-0.0967458,0.296544,-0.39329,38.6607018,111932,104225
471,P23-1,12156945.500000000000000,4357948.258999999612570,309,1,1297.979981,5360.899902,5.0798602,-0.0967458,0.296544,-0.39329,38.6607018,111932,104225
472,P23-1,12156945.500000000000000,4357948.258999999612570,310,1,1297.979981,5360.899902,5.0798602,-0.0967458,0.296544,-0.39329,38.6607018,111932,104225
473,P23-1,12156945.500000000000000,4357948.258999999612570,311,1,1297.979981,5360.899902,5.0798602,-0.0967458,0.296544,-0.39329,38.6607018,111932,104225
474,P23-1,12156945.500000000000000,4357948.258999999612570,312,1,1297.979981,5360.899902,5.0798602,-0.0967458,0.296544,-0.39329,38.6607018,111932,104225
475,P23-1,12156945.500000000000000,4357948.258999999612570,313,1,1297.979981,5360.899902,5.0798602,-0.0967458,0.296544,-0.39329,38.6607018,111932,104225
476,P23-1,12156945.500000000000000,4357948.258999999612570,314,1,1297.979981,5360.899902,5.0798602,-0.0967458,0.296544,-0.39329,38.6607018,111932,104225
477,P23-1,12156945.500000000000000,4357948.258999999612570,315,1,1297.979981,5360.899902,5.0798602,-0.0967458,0.296544,-0.39329,38.6607018,111932,104225
478,P23-1,12156945.500000000000000,4357948.258999999612570,316,1,1297.979981,5360.899902,5.0798602,-0.0967458,0.296544,-0.39329,38.6607018,111932,104225
479,P23-1,12156945.500000000000000,4357948.258999999612570,317,1,1297.979981,5360.899902,5.0798602,-0.0967458,0.296544,-0.39329,38.6607018,111932,104225
480,P23-1,12156945.500000000000000,4357948.258999999612570,318,1,1297.979981,5360.899902,5.0798602,-0.0967458,0.296544,-0.39329,38.6607018,111932,104225
481,P23-1,12156945.500000000000000,4357948.258999999612570,319,1,1297.979981,5360.899902,5.0798602,-0.0967458,0.296544,-0.39329,38.6607018,111932,104225
482,P23-1,12156945.500000000000000,4357948.258999999612570,320,1,1297.979981,5360.899902,5.0798602,-0.0967458,0.296544,-0.39329,38.6607018,111932,104225
483,P23-1,12156945.500000000000000,4357948.258999999612570,321,1,1297.979981,5360.899902,5.0798602,-0.0967458,0.296544,-0.39329,38.6607018,111932,104225
484,P23-1,12156945.500000000000000,4357948.258999999612570,322,1,1297.979981,5360.899902,5.0798602,-0.0967458,0.296544,-0.39329,38.6607018,111932,104225
485,P23-1,12156945.500000000000000,4357948.258999999612570,323,1,1297.979981,5360.899902,5.0798602,-0.0967458,0.296544,-0.39329,38.6607018,111932,104225
486,P23-1,12156945.500000000000000,4357948.258999999612570,324,1,1297.979981,5360.899902,5.0798602,-0.0967458,0.296544,-0.39329,38.6607018,111932,104225
487,P23-1,12156945.500000000000000,4357948.258999999612570,325,1,1297.979981,5360.899902,5.0798602,-0.0967458,0.296544,-0.39329,38.6607018,111932,104225
488,P23-1,12156945.500000000000000,4357948.258999999612570,326,1,1297.979981,5360.899902,5.0798602,-0.0967458,0.296544,-0.39329,38.6607018,111932,104225
489,P23-1,12156945.500000000000000,4357948.258999999612570,327,1,1297.979981,5360.899902,5.0798602,-0.0967458,0.296544,-0.39329,38.6607018,111932,104225
490,P23-1,12156945.500000000000000,4357948.258999999612570,328,1,1297.979981,5360.899902,5.0798602,-0.0967458,0.296544,-0.39329,38.6607018,111932,104225
491,P23-1,12156945.500000000000000,4357948.258999999612570,329,3,1297.979981,5360.899902,5.0798602,-0.0967458,0.296544,-0.39329,38.6607018,111932,104225
492,P23-1,12156945.500000000000000,4357948.258999999612570,330,3,1297.979981,5360.899902,5.0798602,-0.0967458,0.296544,-0.39329,38.6607018,111932,104225
493,P23-1,12156945.500000000000000,4357948.258999999612570,331,3,1297.979981,5360.899902,5.0798602,-0.0967458,0.296544,-0.39329,38.6607018,111932,104225
494,P23-1,12156945.500000000000000,4357948.258999999612570,332,3,1297.979981,5360.899902,5.0798602,-0.0967458,0.296544,-0.39329,38.6607018,111932,104225
495,P23-1,12156945.500000000000000,4357948.258999999612570,333,3,1297.979981,5360.899902,5.0798602,-0.0967458,0.296544,-0.39329,38.6607018,111932,104225
496,P23-1,12156945.500000000000000,4357948.258999999612570,334,3,1297.979981,5360.899902,5.0798602,-0.0967458,0.296544,-0.39329,38.6607018,111932,104225
497,P23-1,12156945.500000000000000,4357948.258999999612570,335,3,1297.979981,5360.899902,5.0798602,-0.0967458,0.296544,-0.39329,38.6607018,111932,104225
498,P23-1,12156945.500000000000000,4357948.258999999612570,336,3,1297.979981,5360.899902,5.0798602,-0.0967458,0.296544,-0.39329,38.6607018,111932,104225
